Date,Ticker,Action,Shares,Price,Realized PnL
2023-04-27,DELL,Buy,123.16766325827955,40.59507071685791,-5.0
2023-04-27,APA,Buy,157.0372881552159,31.839571726799004,-5.0
2023-04-27,LRCX,Buy,99.13818136742927,50.43465525627136,-5.0
2023-04-27,GLW,Buy,164.78189022576666,30.34314021492004,-5.0
2023-04-27,LITE,Buy,103.19019652868394,48.45421530532837,-5.0
2023-04-27,SLB,Buy,112.46707539549676,44.45745550346375,-5.0
2023-04-27,ALB,Buy,28.110851501904232,177.8672552719116,-5.0
2023-04-27,STX,Buy,95.2947507792136,52.46878720092773,-5.0
2023-04-27,DOW,Buy,111.6027608571316,44.80175903892517,-5.0
2023-04-27,WDC,Buy,202.69331516036647,24.667809079170226,-5.0
2023-04-27,BKR,Buy,185.57693468401737,26.943003496170043,-5.0
2023-04-27,KEYS,Buy,35.2209547598314,141.96094438934324,-5.0
2023-04-27,INTC,Buy,171.47510063076697,29.158752388000483,-5.0
2023-04-27,OXY,Buy,86.85639322621633,57.56628630638122,-5.0
2023-04-27,LYB,Buy,67.00381900354212,74.62261217880248,-5.0
2023-04-27,MU,Buy,81.7783606409309,61.14086857223511,-5.0
2023-04-27,AMAT,Buy,45.92123837886585,108.88208106994628,-5.0
2023-04-27,AMD,Buy,57.15348936231046,87.48372244262694,-5.0
2023-04-27,COHR,Buy,149.26825919070785,33.49673954200745,-5.0
2023-04-28,LYB,Sell (TP),22.111260271168902,77.23378657913209,56.02862042232212
2023-04-28,STX,Sell (TP),31.44726775714049,54.234309556961065,53.815333407136464
2023-04-28,MRNA,Buy,37.60630049159739,132.95644438934326,-5.0
2023-04-28,SLB,Sell (TP),37.11413488051394,45.700214328765874,44.42779474754594
2023-04-28,WDC,Sell (TP),66.88879400292093,25.90690281581879,81.1486042152943
2023-04-28,WDC,Sell (TP),66.88879400292093,25.90690281581879,81.1486042152943
2023-04-28,APA,Sell (TP),51.822305091221246,32.86920018386841,51.65436231282116
2023-04-28,INTC,Sell (TP),56.5867832081531,30.300254815101624,62.87935642357891
2023-04-28,AMD,Sell (TP),18.860651489562454,89.32531774520875,33.04895349962399
2023-04-28,MU,Sell (TP),26.9868590115072,63.50715570831299,62.144798664755
2023-05-01,MU,Sell (Trailing Stop),54.7915016294237,61.523795772552496,17.610175163820777
2023-05-01,DELL,Sell (TP),40.64532887523225,41.5209847984314,35.946448273407285
2023-05-01,ALB,Sell (Trailing Stop),28.110851501904232,169.34951750183106,-244.20142072530817
2023-05-01,ON,Buy,63.80060171776997,78.3691668319702,-5.0
2023-05-02,APA,Sell (Trailing Stop),105.21498306399465,30.648189052581788,-128.57595658261056
2023-05-02,SLB,Sell (Trailing Stop),75.35294051498283,42.7646596775055,-130.77958603426578
2023-05-02,INTC,Sell (Trailing Stop),114.88831742261388,29.04181109428406,-16.771753283831163
2023-05-02,ADI,Buy,28.620773620825492,174.698282661438,-5.0
2023-05-02,COHR,Sell (Trailing Stop),149.26825919070785,33.03347423744202,-74.08165475037816
2023-05-02,BKR,Sell (Trailing Stop),185.57693468401737,25.525471312522882,-267.7982161797246
2023-05-02,CF,Buy,72.40803516425429,69.05310976409912,-5.0
2023-05-02,STX,Sell (Trailing Stop),63.847483022073106,52.46248701858521,-3.7518485343649277
2023-05-03,AMD,Sell (Trailing Stop),38.29283787274801,81.57919274520874,-229.22509721964283
2023-05-03,DELL,Sell (TP),27.23237034640561,42.79067815589905,58.626303320376216
2023-05-03,GLW,Sell (Trailing Stop),164.78189022576666,29.31318260383606,-174.5486436448263
2023-05-03,LYB,Sell (Trailing Stop),44.89255873237322,73.04597064590455,-74.05869314290409
2023-05-03,OXY,Sell (Trailing Stop),86.85639322621633,55.9803690738678,-142.60930372064726
2023-05-03,WDC,Sell (Trailing Stop),68.91572715452462,24.861296653747555,11.621002560464577
2023-05-04,CF,Sell (Trailing Stop),72.40803516425429,65.26755131530761,-278.8307444271588
2023-05-05,LRCX,Sell (TP),32.71559985125166,51.43971756172181,31.19833499448251
2023-05-05,AMAT,Sell (TP),15.154008665025732,113.03924678039552,61.28472747289746
2023-05-05,MRNA,Sell (TP),12.410079162227138,136.97147328948975,48.12699966295825
2023-05-05,ON,Sell (TP),21.05419856686409,81.17939122009278,57.45785526269191
2023-05-05,TXN,Buy,32.735721174559444,152.73834883117675,-5.0
2023-05-08,MRNA,Sell (Trailing Stop),25.19622132937025,131.684125,-35.3755832946066
2023-05-09,ALB,Buy,26.790070078453017,186.6363165664673,-5.0
2023-05-09,LITE,Sell (Trailing Stop),103.19019652868394,45.967006677627566,-261.3988915531838
2023-05-10,KEYS,Sell (TP),11.622915070744362,145.59716316986083,40.57119860253704
2023-05-11,TXN,Sell (Signal Sell),32.735721174559444,148.30680620574952,-149.92467401540165
2023-05-11,DOW,Sell (Trailing Stop),111.6027608571316,43.78654837989807,-118.18701208661312
2023-05-15,AMAT,Sell (TP),10.15318580556724,117.9578067779541,90.94988190433295
2023-05-15,AMAT,Sell (TP),10.460858102705641,117.9578067779541,93.70593893173698
2023-05-15,TXN,Buy,32.846659427628005,152.2224812850952,-5.0
2023-05-15,ALB,Sell (TP),8.840723125889497,194.64638727569582,69.09400254172766
2023-05-15,ON,Sell (TP),14.10631303979894,82.34880438995361,54.976375164677115
2023-05-15,LRCX,Sell (TP),21.919451900338615,53.625441322326665,68.7648414174707
2023-05-16,ALB,Sell (TP),5.923284494345962,196.48058324432378,57.14658177898286
2023-05-17,ON,Sell (TP),9.737630637776359,85.58718225479126,69.45295175707938
2023-05-17,LRCX,Sell (TP),15.13106406938526,55.746103635787975,79.52436786596668
2023-05-17,ADI,Sell (TP),9.444855294872413,178.609731880188,35.25612879247137
2023-05-17,KEYS,Sell (TP),7.787353097398723,157.58117366027832,120.41310055429943
2023-05-17,KEYS,Sell (TP),8.023333494289593,157.58117366027832,124.0619823892782
2023-05-18,TXN,Sell (TP),10.839397611117242,156.25722048950198,42.04040835123416
2023-05-18,DELL,Sell (TP),18.798587772458173,44.647846183776856,75.347138881604
2023-05-18,TER,Buy,51.3225505242022,97.42306157684325,-5.0
2023-05-23,LRCX,Sell (Trailing Stop),29.37206554645374,55.685911121368406,152.60462123935918
2023-05-23,ALB,Sell (TP),4.08886123579397,206.41595121002197,80.03217517084603
2023-05-23,TER,Sell (Trailing Stop),51.3225505242022,94.45002766799928,-157.43109931381437
2023-05-23,AMAT,Sell (Trailing Stop),10.153185805567238,121.24983059692384,124.34098688517538
2023-05-23,ON,Sell (Trailing Stop),18.902459473330577,82.49873091506959,76.49948880558429
2023-05-24,DELL,Sell (Trailing Stop),36.491376264183515,43.50132500457764,104.4657955138446
2023-05-24,ADI,Sell (Trailing Stop),19.175918325953077,164.58400289154054,-197.1066521905996
2023-05-25,ALB,Sell (Trailing Stop),7.937201222423588,195.81189614868165,71.2742230549204
2023-05-26,CIEN,Buy,104.13630078320462,48.013996679306025,-5.0
2023-05-26,TXN,Sell (TP),7.262396399448552,162.22004264068605,71.42814733851685
2023-05-30,LITE,Buy,91.09553761893928,54.887430610656736,-5.0
2023-05-30,COHR,Buy,129.8389459975306,38.50924667930603,-5.0
2023-05-31,LITE,Sell (Trailing Stop),91.09553761893928,52.87355152511597,-188.2719425988769
2023-05-31,COHR,Sell (Trailing Stop),129.8389459975306,36.94151908493042,-208.3485463665086
2023-06-05,TXN,Sell (Trailing Stop),14.744865417062211,156.6712894744873,63.286980940891965
2023-06-05,BKR,Buy,179.1614848052942,27.907783893585204,-5.0
2023-06-06,BKR,Sell (TP),59.12328998574709,28.744377259254453,47.76269000645651
2023-06-06,CIEN,Sell (Trailing Stop),104.13630078320462,42.36880438995362,-592.2815727808069
2023-06-12,ADI,Buy,27.87719846594154,179.35805156707764,-5.0
2023-06-13,ADI,Sell (TP),9.199475493760708,183.6759536056519,38.03271155433499
2023-06-13,GLW,Buy,162.13041266161397,30.83937133026123,-5.0
2023-06-13,LYB,Buy,66.48255637599745,75.20769766616822,-5.0
2023-06-14,SLB,Buy,113.49155010821376,44.056143344879146,-5.0
2023-06-14,DOW,Buy,111.48877083055797,44.84756592750549,-5.0
2023-06-15,GLW,Sell (TP),53.503036178332614,31.602339729309083,39.13030473132463
2023-06-16,GLW,Sell (TP),35.847034239482845,33.47942958450317,93.43812037540619
2023-06-16,GLW,Sell (TP),36.93330800431566,33.47942958450317,96.26957856860032
2023-06-20,LYB,Sell (Trailing Stop),66.48255637599745,74.06439733505249,-80.93351918937964
2023-06-21,ADI,Sell (Trailing Stop),18.67772297218083,177.0591617279053,-46.24508953206281
2023-06-21,GLW,Sell (Trailing Stop),35.84703423948285,32.14398847770691,45.61438889834793
2023-06-22,DOW,Sell (Trailing Stop),111.48877083055797,43.598047859191894,-144.16792633328942
2023-06-22,KEYS,Sell (Trailing Stop),7.7873530973987215,159.81005438995362,137.75282472701468
2023-06-22,CF,Buy,74.83658257563101,66.81224379730224,-5.0
2023-06-28,SLB,Sell (TP),37.45221153571054,45.24113154602051,42.68604834769106
2023-06-28,CF,Sell (Trailing Stop),74.83658257563101,63.953088178634644,-218.75546611744423
2023-06-29,BKR,Sell (TP),39.61260429045055,29.467924682617188,60.63393847360193
2023-07-07,BKR,Sell (TP),27.344700779892836,31.112339033126833,86.77684382201014
2023-07-07,SLB,Sell (TP),25.092981728926066,49.6730651664734,139.69887132542863
2023-07-07,SLB,Sell (TP),25.853375114651097,49.6730651664734,143.93217045650223
2023-07-11,APA,Buy,150.2132254140654,33.28601716804504,-5.0
2023-07-13,OXY,Buy,85.38389874546914,58.55905004882812,-5.0
2023-07-13,APA,Sell (TP),49.57036438664158,34.430141124725345,55.00792679469264
2023-07-14,OXY,Sell (Trailing Stop),85.38389874546914,56.53908386993408,-177.30011510027273
2023-07-14,APA,Sell (Trailing Stop),100.6428610274238,32.6818816280365,-64.09112726561254
2023-07-24,MU,Buy,77.16207529044438,64.79867190170287,-5.0
2023-07-26,MU,Sell (TP),25.463484845846647,66.61225368881226,44.48393224041054
2023-07-27,BKR,Sell (Trailing Stop),53.080889749203735,32.56882096862793,245.6832131021968
2023-07-27,MU,Sell (TP),17.06053484671725,70.26020907211304,91.97806846721177
2023-07-27,MU,Sell (TP),17.577520751163227,70.26020907211304,94.76528266318789
2023-08-02,MU,Sell (Trailing Stop),17.060534846717253,67.39324269866944,43.115000728429116
2023-08-16,SLB,Sell (Trailing Stop),25.092981728926066,53.78843809127809,242.8625819576599
2023-08-31,MU,Buy,72.24154209384439,69.21225454330444,-5.0
2023-08-31,CIEN,Buy,99.99002191170693,50.00498954200744,-5.0
2023-09-01,CIEN,Sell (Trailing Stop),99.99002191170693,48.44576622009278,-160.75086734936835
2023-09-05,LITE,Buy,94.34587755724004,52.996486221313475,-5.0
2023-09-07,LITE,Sell (Trailing Stop),94.34587755724004,49.80508683013916,-305.79428081978637
2023-09-14,MU,Sell (TP),23.839708890968648,70.97200357055664,40.25995262632679
2023-09-21,MU,Sell (Trailing Stop),48.401833202875736,67.12632452774048,-104.21187384951259
2023-10-19,APA,Buy,128.47891814702595,38.916890584945676,-5.0
2023-10-23,APA,Sell (Trailing Stop),128.47891814702595,37.198249481201174,-225.58834054241217
2023-10-31,INTC,Buy,139.20781373135603,35.917524066925054,-5.0
2023-11-01,INTC,Sell (TP),45.93857853134749,36.65824404525757,32.343595271471834
2023-11-02,MU,Buy,71.60928628630148,69.82334637451171,-5.0
2023-11-03,MU,Sell (TP),23.63106447447949,71.87269893264771,46.72995404981888
2023-11-06,BKR,Buy,150.4298656126506,33.23808061408997,-5.0
2023-11-07,INTC,Sell (TP),30.778847616002817,38.238492954254156,70.25981095688144
2023-11-07,BKR,Sell (Trailing Stop),150.4298656126506,32.17849041366577,-164.2346174428391
2023-11-07,AMD,Buy,44.05025459502883,113.50672194671631,-5.0
2023-11-10,WDC,Buy,147.5607466784982,33.88435009002686,-5.0
2023-11-10,AMD,Sell (TP),14.536584016359516,118.53070133972169,71.30846704433866
2023-11-10,AMAT,Buy,33.87462911748302,147.60309205627442,-5.0
2023-11-10,MU,Sell (TP),15.83281319790126,74.62560950851442,74.85180179270478
2023-11-13,LRCX,Buy,75.9482167556787,65.83433046340942,-5.0
2023-11-14,AMAT,Sell (TP),11.178627608769396,150.7828014755249,33.859242714395684
2023-11-14,AMD,Sell (TP),9.739511290960875,119.82005725479125,60.321811716101216
2023-11-14,LRCX,Sell (TP),25.062911529373974,67.86727924346924,49.250663802969775
2023-11-14,MU,Sell (TP),10.92943892873305,76.4179715461731,71.24034751848733
2023-11-14,INTC,Sell (TP),21.246731778561944,38.8697193889618,61.898647663074755
2023-11-15,WDC,Sell (TP),48.695046403904406,34.625279712677006,34.39352275461944
2023-11-17,LYB,Buy,61.24766277027309,81.63576818847656,-5.0
2023-11-17,AMAT,Sell (Trailing Stop),22.69600150871362,145.41027545928955,-53.06840062470736
2023-11-20,WDC,Sell (TP),32.625681090615956,35.61822933959961,55.40692245475091
2023-11-20,LRCX,Sell (TP),16.79215072468056,70.2336339263916,72.69439306717206
2023-11-21,ADI,Buy,28.726534052767413,174.05510845184324,-5.0
2023-11-21,CIEN,Buy,109.78693319681113,45.54276045799255,-5.0
2023-11-22,COHR,Buy,138.74239827496066,36.03801045799255,-5.0
2023-11-27,LYB,Sell (Trailing Stop),61.24766277027309,79.11466634750367,-159.25718377005677
2023-11-27,AMD,Sell (TP),6.7232141578208715,122.58867652511597,60.2357356765805
2023-11-28,MU,Sell (Trailing Stop),21.215969685187687,75.37820085906984,116.25240272566396
2023-11-29,DOW,Buy,111.71616492105956,44.75628037834167,-5.0
2023-11-29,COHR,Sell (TP),45.78499143073702,37.24136832237244,53.390633779234484
2023-11-29,KEYS,Buy,36.245293533480854,137.9489448852539,-5.0
2023-12-01,COHR,Sell (TP),30.675944258593802,38.20089122009278,65.17656128647535
2023-12-01,CIEN,Sell (TP),36.22968795494768,46.726625000000006,41.198151894919306
2023-12-04,COHR,Sell (TP),21.175697279114146,39.18040076255799,65.71263351647873
2023-12-04,INTC,Sell (Trailing Stop),41.24365580544377,41.76941475105286,239.63064182206273
2023-12-04,AMD,Sell (Trailing Stop),13.050945129887571,118.51071469497681,63.76015795311521
2023-12-05,WDC,Sell (Trailing Stop),66.24001918397784,35.18193560218811,83.62163712919485
2023-12-05,LRCX,Sell (Trailing Stop),34.09315450162416,68.08408210372926,74.3799291334431
2023-12-06,KEYS,Sell (TP),11.960946866048683,140.95948377990723,34.322886861364374
2023-12-07,ADI,Sell (TP),9.479756237413246,177.71732552337647,33.032208201501824
2023-12-08,TXN,Buy,34.015165117423926,146.99325970458983,-5.0
2023-12-08,CIEN,Sell (Trailing Stop),73.55724524186346,44.32782347488403,-92.62805020230338
2023-12-11,KEYS,Sell (TP),8.013834400252616,147.07641889953615,71.96741917782391
2023-12-11,ADI,Sell (TP),6.351436679066874,183.25955119323734,57.2974738028233
2023-12-12,KEYS,Sell (TP),5.531974170841049,149.2953101196289,61.941901610081935
2023-12-13,TXN,Sell (TP),11.225004488749896,151.31634804534912,46.82815934425502
2023-12-13,LITE,Buy,107.56567688021161,46.48322908401489,-5.0
2023-12-13,GLW,Buy,176.94983032450136,28.256596747398376,-5.0
2023-12-14,TXN,Sell (TP),7.520753007462431,157.83434291076662,80.34607601787755
2023-12-14,ADI,Sell (TP),4.384415986337679,192.93674752807618,81.93904525387983
2023-12-14,TER,Buy,47.84127037311645,104.51227488327025,-5.0
2023-12-14,GLW,Sell (TP),58.39344400708545,29.074826042175296,46.08144728300358
2023-12-14,DOW,Sell (TP),36.86633442394966,47.23762273025514,89.73651896898576
2023-12-14,DOW,Sell (TP),36.86633442394966,47.23762273025514,89.73651896898576
2023-12-14,LITE,Sell (TP),35.496673370469836,49.83507061004639,117.2102446152782
2023-12-14,LITE,Sell (TP),35.496673370469836,49.83507061004639,117.2102446152782
2023-12-19,LITE,Sell (TP),12.43459224735246,50.45475954246521,48.7569774869218
2023-12-20,ADI,Sell (Trailing Stop),8.51092514994961,185.24509967041016,93.66057051212664
2023-12-20,COHR,Sell (Trailing Stop),41.10576530651569,42.74861545753479,274.0873396217383
2023-12-21,ON,Buy,59.74299053454565,83.69182652664185,-5.0
2023-12-22,TER,Sell (TP),15.787619223128429,106.62695007705688,31.702301053358443
2023-12-26,ON,Sell (TP),19.715186876400065,85.42726622009278,32.53030335123838
2023-12-26,MRNA,Buy,51.34594837519854,97.3786668319702,-5.0
2023-12-26,DOW,Sell (TP),12.914388664874485,48.52679944419861,48.067254736111174
2023-12-26,TXN,Sell (TP),5.191598591211944,159.732685256958,65.30871576677353
2023-12-27,MRNA,Sell (TP),16.94416296381552,100.67963835525514,54.22626723002497
2023-12-27,TER,Sell (TP),10.577704879496046,109.71788735580445,53.90286901903898
2023-12-28,ALB,Buy,34.75347656846445,143.87049854278564,-5.0
2023-12-29,ALB,Sell (Trailing Stop),34.75347656846445,138.96562342071533,-175.29100116348854
2023-12-29,CIEN,Buy,111.03091392439491,45.03250332069397,-5.0
2024-01-02,CF,Buy,64.665481200665,77.32100507354735,-5.0
2024-01-02,KEYS,Sell (Trailing Stop),10.738538096338505,155.41226049041748,185.86157943451744
2024-01-02,MRNA,Sell (TP),11.352589185756397,112.44375000000001,169.75117255564012
2024-01-02,MRNA,Sell (TP),11.696607039870226,112.44375000000001,174.89514748156859
2024-01-02,ON,Sell (Trailing Stop),40.02780365814559,81.40927194976807,-94.62428079566307
2024-01-02,TER,Sell (Trailing Stop),21.475946270491974,103.79359725952148,-17.663347751400103
2024-01-03,LITE,Sell (Trailing Stop),24.13773789191948,49.925025762557986,81.87210891784842
2024-01-03,MRNA,Sell (Trailing Stop),11.352589185756393,108.52571183013916,125.31577467685354
2024-01-04,TXN,Sell (Trailing Stop),10.077809029999655,153.80384268951417,67.08574895032747
2024-01-05,CIEN,Sell (TP),36.64020159505032,46.4067853050232,48.65361498531449
2024-01-08,GLW,Sell (TP),39.123607484747254,29.78814184379578,58.75414962744483
2024-01-08,CF,Sell (Trailing Stop),64.665481200665,74.95318916702271,-157.9628390350147
2024-01-08,CIEN,Sell (TP),24.54893506868371,47.36630438995362,56.12953858156728
2024-01-09,DOW,Sell (Trailing Stop),25.06910740828576,46.98501395988465,54.69448917861411
2024-01-12,CIEN,Sell (TP),16.946204268624697,49.69514122009278,78.17187025956956
2024-01-16,GLW,Sell (Trailing Stop),79.43277883266866,28.741944699287416,36.2694839827715
2024-01-23,CIEN,Sell (Trailing Stop),32.89557299203617,50.64466316986084,182.9492287472823
2024-02-15,ON,Buy,61.98835374744746,80.66031274795532,-5.0
2024-02-20,ON,Sell (Trailing Stop),61.98835374744746,77.43126622009278,-204.96311515767374
2024-02-21,TXN,Buy,32.298763228676776,154.80468910217283,-5.0
2024-02-23,OXY,Buy,86.88624988600837,57.54650484466553,-5.0
2024-02-23,CF,Buy,65.20444898832311,76.68188409805298,-5.0
2024-03-01,TXN,Sell (TP),10.658591865463336,161.2193683013916,66.65307608481767
2024-03-01,OXY,Sell (TP),28.672462462382764,58.77248275566102,33.466653827095875
2024-03-01,CF,Sell (TP),21.517468166146628,78.59633280944824,39.50289511396491
2024-03-04,TXN,Sell (TP),7.141256549860436,162.52948867034914,54.004110737085526
2024-03-04,CF,Sell (Trailing Stop),43.68698082217648,76.08126406860352,-29.563036432265616
2024-03-06,MRNA,Buy,50.94292892057139,98.14904847335815,-5.0
2024-03-08,MRNA,Sell (TP),16.81116654378856,102.97848377990724,79.4572528095984
2024-03-11,MRNA,Sell (TP),11.263481584338335,111.92401335525513,153.89340920888174
2024-03-11,MRNA,Sell (TP),11.604799208106163,111.92401335525513,158.55684585157513
2024-03-12,INTC,Buy,111.61871638164055,44.795354776382446,-5.0
2024-03-13,MRNA,Sell (Trailing Stop),11.263481584338331,106.45674713516237,92.37453727457861
2024-03-13,INTC,Sell (Trailing Stop),111.61871638164055,42.7623262500763,-231.69711043907694
2024-03-14,SLB,Buy,99.31714641541953,50.34377426719665,-5.0
2024-03-18,OXY,Sell (TP),19.21054984979645,60.753680839538575,60.44450271225262
2024-03-18,BKR,Buy,161.10027847645824,31.036569565773007,-5.0
2024-03-18,TXN,Sell (Trailing Stop),14.498914813353004,159.4851131820679,65.54870895473985
2024-03-19,SLB,Sell (TP),32.774658317088445,51.47449783134461,35.37201938756368
2024-03-19,BKR,Sell (TP),53.163091897231226,31.8000710144043,38.89950757957728
2024-03-25,APA,Buy,158.59919636763405,31.526010941505437,-5.0
2024-03-26,APA,Sell (Trailing Stop),158.59919636763405,29.93752885913849,-256.68004972607605
2024-03-28,OXY,Sell (TP),13.261100775101912,62.47439674186707,64.52079178654017
2024-03-28,GEV,Buy,36.680485681439286,136.31226269531248,-5.0
2024-04-01,GEV,Sell (TP),12.104560274874965,141.4238663406372,60.16184071167756
2024-04-03,GEV,Sell (Trailing Stop),24.575925406564323,136.76353897857666,7.729441742976787
2024-04-03,ALB,Buy,40.16992469022374,124.47123161315918,-5.0
2024-04-04,ALB,Sell (Trailing Stop),40.16992469022374,116.86882822418215,-310.0825836283089
2024-04-05,BKR,Sell (TP),35.619271571144914,32.84348672866822,63.19121205859547
2024-04-08,ALB,Buy,39.309726848041414,127.19498202896118,-5.0
2024-04-10,ALB,Sell (Trailing Stop),39.309726848041414,123.16963132476809,-163.07720121275202
2024-04-12,SLB,Sell (Trailing Stop),66.54248809833109,49.13131728553772,-83.9492243675061
2024-04-12,BKR,Sell (Trailing Stop),72.31791500808211,31.6373354215622,41.158187964621746
2024-04-16,OXY,Sell (Trailing Stop),25.74213679872724,64.23356081771851,170.48560052943694
2024-04-24,TXN,Buy,30.316241672153605,164.92809544372557,-5.0
2024-04-25,ADI,Buy,26.05820644245154,191.87813294219967,-5.0
2024-04-26,TER,Buy,44.12542449302543,113.31335749053954,-5.0
2024-04-29,TER,Sell (TP),14.561390082698392,117.32621050262452,56.724285335447014
2024-04-29,ADI,Sell (TP),8.599208126009009,197.45807582092286,46.28510705523715
2024-04-29,TXN,Sell (TP),10.004359751810691,168.98579259490967,38.90406740227878
2024-04-30,GLW,Buy,155.97740267596825,32.05592550086975,-5.0
2024-05-01,ADI,Sell (Trailing Stop),17.458998316442532,187.7643167266845,-75.10128727045229
2024-05-01,TER,Sell (Trailing Stop),29.564034410327036,112.81327797317506,-18.119583691204056
2024-05-07,TXN,Sell (TP),6.702921033713161,173.41245693969728,55.70763512384587
2024-05-08,STX,Buy,57.859846882888725,86.41571434020996,-5.0
2024-05-08,ALB,Buy,39.68034876740297,126.00695697784423,-5.0
2024-05-09,ALB,Sell (TP),13.09451509324298,128.86255370330812,35.705261767380435
2024-05-09,GLW,Sell (TP),51.47254288306952,32.81057091331482,37.15467483523705
2024-05-10,STX,Sell (TP),19.09374947135328,90.12572910690308,69.11725439776939
2024-05-13,TXN,Sell (TP),4.627046701454116,178.30149069213869,61.05431504704065
2024-05-14,STX,Sell (TP),12.792812145806696,92.24441258239747,73.38537622523167
2024-05-15,GLW,Sell (TP),34.48660373165658,33.68360067176819,54.97135563400835
2024-05-15,ALB,Sell (Trailing Stop),26.585833674159986,123.09244520568848,-80.75724049069807
2024-05-15,LRCX,Buy,53.70319557997238,93.10432919311525,-5.0
2024-05-15,STX,Sell (TP),8.830916990347774,94.64110944747925,71.80201362370273
2024-05-17,STX,Sell (Trailing Stop),17.14236827538097,91.33365908050536,82.73954467622039
2024-05-17,COHR,Buy,85.97111917337435,58.15906606864929,-5.0
2024-05-17,KEYS,Buy,31.770509551299504,157.37865305328367,-5.0
2024-05-17,LRCX,Sell (Trailing Stop),53.70319557997238,89.50966613769532,-197.85184821620823
2024-05-21,KEYS,Sell (Trailing Stop),31.770509551299504,146.2868206100464,-357.04077541070444
2024-05-21,GLW,Sell (TP),23.80620706082233,34.99794179916382,69.2050809243292
2024-05-22,ON,Buy,65.50663506884516,76.3281459159851,-5.0
2024-05-22,COHR,Sell (Trailing Stop),85.97111917337435,57.03147137260437,-101.84363741494937
2024-05-23,ON,Sell (Trailing Stop),65.50663506884516,71.61417652511597,-313.48747634075755
2024-05-29,TXN,Sell (Trailing Stop),8.981914185175636,185.03211722564697,178.9106558236977
2024-06-14,LITE,Buy,105.70011375642494,47.303638778686526,-5.0
2024-06-17,LITE,Sell (TP),34.88103753962023,49.975,91.43667119147855
2024-06-17,LITE,Sell (TP),34.88103753962023,49.975,91.43667119147855
2024-06-20,LITE,Sell (Trailing Stop),35.93803867718449,47.88604484748841,19.209601294602518
2024-06-21,BKR,Buy,157.41630974583836,31.76290949821472,-5.0
2024-06-24,BKR,Sell (TP),51.94738221612666,33.15727933883667,70.71142919836672
2024-06-25,BKR,Sell (TP),34.80474608480486,33.581253952026366,62.11822999261782
2024-06-26,GLW,Sell (Trailing Stop),46.21204900041981,37.00515836143494,227.0041072754595
2024-07-08,AMD,Buy,27.96743623647344,178.77934744262694,-5.0
2024-07-09,BKR,Sell (Trailing Stop),70.66418144490683,32.2129618473053,29.526278274987448
2024-07-10,ON,Buy,65.25005207374514,76.62829133605956,-5.0
2024-07-10,AMD,Sell (TP),9.229253958036235,183.86802671051026,45.267748561014784
2024-07-11,ON,Sell (Trailing Stop),65.25005207374514,74.20287786483765,-163.10009694229535
2024-07-16,AMD,Sell (Trailing Stop),18.738182278437204,177.46122805023194,-28.024462278001053
2024-07-16,CIEN,Buy,96.7195940869785,51.69583316802978,-5.0
2024-07-17,INTC,Buy,145.9432319582719,34.25989635086059,-5.0
2024-07-18,CIEN,Sell (Trailing Stop),96.7195940869785,49.62517652511597,-205.0727969261332
2024-07-18,APA,Buy,169.32055515727964,29.52978742218017,-5.0
2024-07-19,INTC,Sell (Trailing Stop),145.9432319582719,32.75572011756897,-224.3048165804777
2024-07-19,SLB,Buy,105.76124521443943,47.276296623229975,-5.0
2024-07-23,APA,Sell (Trailing Stop),169.32055515727964,28.382268975257876,-199.10416202561615
2024-07-24,SLB,Sell (Trailing Stop),105.76124521443943,45.66964337921143,-174.75172606750473
2024-07-30,LYB,Buy,58.266305239999994,85.81288927459717,-5.0
2024-08-02,LYB,Sell (Trailing Stop),58.266305239999994,82.35071078491211,-206.52662032667644
2024-08-09,CF,Buy,65.26868577288153,76.60641455841063,-5.0
2024-08-16,CF,Sell (TP),21.538666305050903,78.14672862243653,31.493134319400482
2024-08-16,ON,Buy,65.89532556291142,75.87791633605957,-5.0
2024-08-16,COHR,Buy,65.21599149806059,76.66831225204467,-5.0
2024-08-19,LYB,Buy,59.0475182529473,84.67756389999388,-5.0
2024-08-19,ON,Sell (TP),21.74545743576077,77.68114122009278,37.52273801288604
2024-08-19,STX,Buy,49.787121870027164,100.42757669448852,-5.0
2024-08-20,COHR,Sell (TP),21.521277194359996,78.51072805023193,37.961489958956015
2024-08-21,LITE,Buy,88.62389259562057,56.418194389343256,-5.0
2024-08-22,ON,Sell (Trailing Stop),44.149868127150654,73.33331774520875,-115.5813485303747
2024-08-23,LITE,Sell (TP),29.245884556554792,59.14041316986084,77.88408249651
2024-08-23,KEYS,Buy,32.2398646956595,155.08749950408935,-5.0
2024-08-26,LITE,Sell (Trailing Stop),59.37800803906578,56.38179484748841,-5.509170956586624
2024-08-26,LYB,Sell (TP),19.48568102347261,86.56703876113892,35.13088674169616
2024-08-27,ADI,Buy,22.159792794835834,225.6338787231445,-5.0
2024-08-27,STX,Sell (Trailing Stop),49.787121870027164,97.19076781845095,-165.99024658328696
2024-08-29,COHR,Sell (Trailing Stop),43.69471430370059,77.68114122009278,40.86101712497676
2024-09-03,CF,Sell (Trailing Stop),43.73001946783062,76.35156799697876,-14.483300647632895
2024-09-03,KEYS,Sell (Trailing Stop),32.2398646956595,147.97597805023193,-234.04521496319032
2024-09-03,LYB,Sell (Trailing Stop),39.56183722947469,84.66534115982056,-3.833070503178143
2024-09-03,ADI,Sell (Trailing Stop),22.159792794835834,213.47894626617432,-274.08143389700246
2024-09-13,ADI,Buy,22.701621077306626,220.24858854675287,-5.0
2024-09-18,VRT,Buy,57.12197017928616,87.53199485778808,-5.0
2024-09-19,ADI,Sell (TP),7.491534955511187,227.86638700866698,55.36193445800741
2024-09-19,VRT,Sell (TP),18.850250159164432,91.8336836013794,79.35682101463472
2024-09-20,VRT,Sell (TP),12.62966760664017,94.30758946228028,84.38243418438896
2024-09-20,BKR,Buy,142.95714199373222,34.97551734924316,-5.0
2024-09-23,ADI,Sell (Trailing Stop),15.210086121795438,220.60433381652828,2.055505274514656
2024-09-23,VRT,Sell (TP),8.71829782058373,95.83382638931275,71.54233190839668
2024-09-24,AMD,Buy,31.565822499875715,158.39916732788086,-5.0
2024-09-25,AMD,Sell (TP),10.416721424958986,161.9389942703247,35.18651776084993
2024-09-26,AMD,Sell (TP),6.979203354722521,167.40626049041748,61.693972481457585
2024-09-26,BKR,Sell (Trailing Stop),142.95714199373222,33.70930268859863,-185.83341460726908
2024-09-27,DELL,Buy,42.79400300589254,116.83880097198485,-5.0
2024-09-30,DOW,Buy,101.06676992320632,49.472244970321654,-5.0
2024-10-01,DELL,Sell (Trailing Stop),42.79400300589254,109.8674478530884,-303.03377421886825
2024-10-01,VRT,Sell (Trailing Stop),16.92375459289783,97.38003470993043,165.0177738690562
2024-10-01,AMD,Sell (Trailing Stop),14.169897720194207,159.670125,15.746830880403891
2024-10-01,LYB,Buy,58.94160380322048,84.82972429275512,-5.0
2024-10-03,LYB,Sell (Signal Sell),58.94160380322048,83.91351236724854,-58.9489973126812
2024-10-03,ALB,Buy,54.437113978609766,91.84910136795044,-5.0
2024-10-04,LYB,Buy,58.368935913830065,85.6620036277771,-5.0
2024-10-04,DELL,Buy,42.72292671569022,117.033180644989,-5.0
2024-10-04,ALB,Sell (TP),17.964247612941225,99.32671560668948,132.54538402502428
2024-10-04,ALB,Sell (TP),17.964247612941225,99.32671560668948,132.54538402502428
2024-10-04,ALB,Sell (TP),18.508618752727322,99.32671560668948,136.5619108136614
2024-10-07,WDC,Buy,99.94331492607934,50.02835861206054,-5.0
2024-10-08,DOW,Sell (Trailing Stop),101.06676992320632,48.13814651679993,-139.69818843552866
2024-10-09,LYB,Sell (Signal Sell),58.368935913830065,83.38280251312257,-137.9015092522041
2024-10-09,WDC,Sell (Signal Sell),99.94331492607934,48.50397989654541,-157.19911056931
2024-10-10,DELL,Sell (TP),14.098565816177773,121.16876305770876,56.5974750531228
2024-10-11,DELL,Sell (TP),9.446039096839108,124.01350086593628,64.76494133780906
2024-10-14,AMAT,Buy,23.683702796133602,211.11563690185545,-5.0
2024-10-14,SLB,Buy,116.75617239809222,42.82428840637208,-5.0
2024-10-15,SLB,Sell (Trailing Stop),116.75617239809222,41.106599351882934,-205.35024857287803
2024-10-15,AMAT,Sell (Trailing Stop),23.683702796133602,188.35385030364992,-543.5443055120157
2024-10-16,WDC,Buy,97.95299368131654,51.04489216804504,-5.0
2024-10-16,MU,Buy,45.97677114327335,108.75056850814819,-5.0
2024-10-17,MU,Sell (TP),15.172334477280208,111.43647953414917,39.06078892223903
2024-10-22,DELL,Sell (Trailing Stop),19.178321802673338,117.31221756362916,3.1016083606868428
2024-10-22,MU,Sell (Trailing Stop),30.804436665993144,107.22963777923586,-50.15456289783061
2024-10-24,TXN,Buy,25.301901757244696,197.61360422515867,-5.0
2024-10-25,WDC,Sell (TP),32.324487914834464,52.24258054733277,37.025948878481984
2024-10-29,TXN,Sell (TP),8.34962757989075,201.94516526031495,34.480754561637916
2024-10-30,WDC,Sell (Trailing Stop),65.62850576648208,50.41465280532837,-44.67030598266434
2024-10-31,TXN,Sell (Trailing Stop),16.952274177353946,195.39762889862064,-40.87825548441838
2024-11-07,INTC,Buy,190.52616609192796,26.243114542007444,-5.0
2024-11-11,INTC,Sell (Trailing Stop),190.52616609192796,25.03747423744202,-234.4763188898399
2024-11-21,SLB,Buy,118.45212339461182,42.21114705848694,-5.0
2024-11-26,WDC,Buy,90.93718249599094,54.9830098400116,-5.0
2024-12-05,SLB,Sell (Trailing Stop),118.45212339461182,40.47148768424988,-210.86028051485934
2024-12-06,WDC,Sell (Trailing Stop),90.93718249599094,53.46119777107239,-143.25091253588832
2024-12-17,TER,Buy,39.22634416973451,127.46535793304444,-5.0
2024-12-18,TER,Sell (Trailing Stop),39.22634416973451,123.12020994186402,-175.27382629990345
2025-01-14,APA,Buy,215.18577208295935,23.23573697090149,-5.0
2025-01-15,APA,Sell (TP),71.01130478737659,23.77297771263123,36.46201588911189
2025-01-15,OXY,Buy,97.37775943669998,51.34642683219909,-5.0
2025-01-17,LRCX,Buy,62.880581083571734,79.51580462265014,-5.0
2025-01-17,APA,Sell (Trailing Stop),144.17446729558276,22.792166102409364,-67.23764207901824
2025-01-21,OXY,Sell (Trailing Stop),97.37775943669998,49.20242200469971,-213.56960793703468
2025-01-22,MU,Buy,45.921322081376466,108.88188260650635,-5.0
2025-01-22,COHR,Buy,46.29030466612961,108.01397908401489,-5.0
2025-01-22,AMAT,Buy,25.849430695829835,193.42785761260987,-5.0
2025-01-22,LRCX,Sell (TP),20.750591757578672,82.35459983062745,57.197773763663754
2025-01-23,MU,Sell (Trailing Stop),45.921322081376466,104.40141697692872,-210.54315634512147
2025-01-23,ADI,Buy,22.315841729798773,224.0560791091919,-5.0
2025-01-24,LRCX,Sell (Trailing Stop),42.129989325993066,78.82298791885377,-32.50917197547486
2025-01-24,COHR,Sell (Trailing Stop),46.29030466612961,100.27983683013915,-362.6577854618315
2025-01-24,AMAT,Sell (Trailing Stop),25.849430695829835,184.57647357940675,-233.5744348903303
2025-01-24,STX,Buy,47.170397798707825,105.99868208312988,-5.0
2025-01-24,ADI,Sell (Trailing Stop),22.315841729798773,213.06936112213137,-249.93268186944698
2025-01-27,STX,Sell (Trailing Stop),47.170397798707825,101.28276071548463,-227.2294350123535
2025-01-27,SLB,Buy,121.91163292126843,41.01331333351135,-5.0
2025-01-29,SLB,Sell (Trailing Stop),121.91163292126843,39.43128233909607,-197.6751138793633
2025-02-05,SLB,Buy,126.2010145207048,39.61933284759521,-5.0
2025-02-06,SLB,Sell (Signal Sell),126.2010145207048,38.842644767761236,-102.92080481754452
2025-02-10,SLB,Buy,124.97606421774461,40.00766091728211,-5.0
2025-02-11,WDC,Buy,96.34696657545602,51.89576981735228,-5.0
2025-02-13,SLB,Sell (TP),41.242101191855724,40.81145128440857,31.46685365441026
2025-02-14,SNDK,Buy,136.35746361010465,36.66832652664184,-5.0
2025-02-18,INTC,Buy,182.4571508119138,27.403694389343265,-5.0
2025-02-18,WDC,Sell (TP),31.794498969900488,54.183336368560795,71.00930032362191
2025-02-18,SNDK,Sell (TP),44.99796299133453,47.12642652511597,468.47260349432344
2025-02-18,SNDK,Sell (TP),44.99796299133453,47.12642652511597,468.47260349432344
2025-02-18,SNDK,Sell (TP),46.36153762743558,47.12642652511597,482.6687429941514
2025-02-19,INTC,Sell (Trailing Stop),182.4571508119138,25.707139313697812,-314.2390566924624
2025-02-20,APA,Buy,224.00336356281088,22.321093400001526,-5.0
2025-02-20,MU,Buy,48.6139357855946,102.85116642379761,-5.0
2025-02-20,ADI,Buy,20.899938093245506,239.23515838623047,-5.0
2025-02-21,MU,Sell (Trailing Stop),48.6139357855946,98.42652353286744,-219.8842060684932
2025-02-21,WDC,Sell (Trailing Stop),64.55246760555553,51.68592847061157,-16.882230961048034
2025-02-21,APA,Sell (Trailing Stop),224.00336356281088,21.51521319293977,-185.33935713351778
2025-02-25,ADI,Sell (Trailing Stop),20.899938093245506,230.6446297607422,-184.3619749444974
2025-02-25,TXN,Buy,25.77913203480069,193.95532763671875,-5.0
2025-02-25,SLB,Sell (Trailing Stop),83.73396302588888,39.77370518875122,-22.920450282177697
2025-02-27,TXN,Sell (Trailing Stop),25.77913203480069,185.35138500213628,-226.58037102355556
2025-03-19,SLB,Buy,125.37153519365658,39.881461069107054,-5.0
2025-03-19,MU,Buy,49.14742331023376,101.7347332420349,-5.0
2025-03-21,MU,Sell (Trailing Stop),49.14742331023376,94.32375569152832,-368.86622036656917
2025-03-25,SLB,Sell (TP),41.372606613906676,41.00542315864563,44.804740138044494
2025-03-25,BKR,Buy,112.85379460820286,44.305111913681024,-5.0
2025-03-27,BKR,Sell (Trailing Stop),112.85379460820286,42.74237010765076,-181.18498146058838
2025-03-31,BKR,Buy,116.0121471549292,43.098935091018674,-5.0
2025-04-02,BKR,Sell (TP),38.28400856112663,44.00611932563782,33.04591835567376
2025-04-02,OXY,Buy,103.50163161173691,48.3084171924591,-5.0
2025-04-03,SLB,Sell (Trailing Stop),83.9989285797499,38.027973571777345,-158.885272947746
2025-04-03,BKR,Sell (Trailing Stop),77.72813859380256,40.02872364234925,-241.75317917346197
2025-04-03,OXY,Sell (Trailing Stop),103.50163161173691,42.947894735336305,-559.267997782963
2025-04-25,GEV,Buy,13.448445850621518,371.79017230224605,-5.0
2025-05-01,GEV,Sell (TP),4.437987130705101,381.262032409668,40.34395726731706
2025-05-02,GEV,Sell (TP),2.973451377572418,395.25430035400393,68.59417443515606
2025-05-07,GEV,Sell (TP),2.05258249639696,405.7160773468018,68.80295315001158
2025-05-08,GEV,Sell (Trailing Stop),3.9844248459470393,392.94051641845704,82.70631464036387
2025-05-08,STX,Buy,52.563982743026635,95.12216805267332,-5.0
2025-05-08,CF,Buy,62.88365974332268,79.5119116859436,-5.0
2025-05-09,CIEN,Buy,66.86515108662945,74.77736786270141,-5.0
2025-05-12,CIEN,Sell (TP),22.06549985858772,78.97049713516236,90.78096987515862
2025-05-12,CIEN,Sell (TP),22.06549985858772,78.97049713516236,90.78096987515862
2025-05-12,STX,Sell (TP),17.34611430519879,100.60239885711671,93.31564924279388
2025-05-12,STX,Sell (TP),17.34611430519879,100.60239885711671,93.31564924279388
2025-05-12,WDC,Buy,107.77480719477504,46.39303126716614,-5.0
2025-05-12,VRT,Buy,49.51685914476009,100.97570981597899,-5.0
2025-05-12,CF,Sell (TP),20.751607715296487,82.43118352890015,58.86900451524554
2025-05-13,STX,Sell (TP),6.07639640509388,104.07587334823607,53.77385640755734
2025-05-13,VRT,Sell (TP),16.340563517770832,105.39692879867555,70.52296440311453
2025-05-13,WDC,Sell (TP),35.565686374275764,48.77495487594605,82.98003328931219
2025-05-13,WDC,Sell (TP),35.565686374275764,48.77495487594605,82.98003328931219
2025-05-13,ADI,Buy,22.3828649575157,223.38516581726077,-5.0
2025-05-13,LRCX,Buy,59.05123912727868,84.67222828674316,-5.0
2025-05-13,CF,Sell (TP),13.903577169248646,85.69365822601318,84.75694167053265
2025-05-13,AMAT,Buy,29.14065678796027,171.58158226776123,-5.0
2025-05-14,COHR,Buy,61.92690753855312,80.7403469467163,-5.0
2025-05-14,LITE,Buy,63.8331995265586,78.32914591598511,-5.0
2025-05-14,DELL,Buy,45.69887689996712,109.41187922286987,-5.0
2025-05-14,KEYS,Buy,30.38733458201863,164.5422367172241,-5.0
2025-05-14,VRT,Sell (TP),10.948177556906456,109.29016858291625,89.83164269913667
2025-05-14,VRT,Sell (TP),11.27994051317635,109.29016858291625,92.55381369001961
2025-05-15,MU,Buy,52.48259477090328,95.26967982101439,-5.0
2025-05-15,TXN,Buy,27.214504044544526,183.72556015777587,-5.0
2025-05-15,VRT,Sell (Trailing Stop),10.948177556906451,105.19726061630251,45.06656943971507
2025-05-15,AMD,Buy,43.46031256819339,115.04749286270139,-5.0
2025-05-16,AMAT,Sell (Trailing Stop),29.14065678796027,164.01992350006105,-225.13135119432434
2025-05-16,DELL,Sell (TP),15.08062937698915,112.42348883438112,43.721551411000014
2025-05-16,CIEN,Sell (TP),7.729611465614364,81.19937786483766,49.012002502657666
2025-05-16,CF,Sell (TP),9.597681451984368,86.24409545516968,63.78561193795814
2025-05-16,MU,Sell (TP),17.319256274398086,97.71710058975219,40.69511999754927
2025-05-16,GLW,Buy,105.2017913222978,47.527707818984986,-5.0
2025-05-19,WDC,Sell (TP),12.458767711715991,50.47676315307618,50.249388696517585
2025-05-20,AMD,Sell (Trailing Stop),43.46031256819339,113.45324713516237,-74.21713121172326
2025-05-21,LITE,Sell (Trailing Stop),63.8331995265586,75.91202194976808,-159.13846365954262
2025-05-21,STX,Sell (Trailing Stop),11.795357727535176,103.0496304397583,92.2917474725201
2025-05-22,MU,Sell (Trailing Stop),35.1633384965052,94.55625962066652,-28.4111497590816
2025-05-22,ADI,Sell (Trailing Stop),22.3828649575157,208.6408208847046,-334.6906608309233
2025-05-22,LRCX,Sell (Trailing Stop),59.05123912727868,81.91850054550171,-167.44842430413027
2025-05-22,TXN,Sell (Trailing Stop),27.214504044544526,176.09586798095705,-212.43065031606088
2025-05-23,KEYS,Sell (Trailing Stop),30.38733458201863,159.94998377990723,-144.40678016501454
2025-05-27,GLW,Sell (TP),34.716591136358275,49.15412158203125,54.75707808859287
2025-05-28,COHR,Sell (Trailing Stop),61.92690753855312,78.210875,-161.48573299029854
2025-05-30,CIEN,Sell (Trailing Stop),15.004539903839646,80.01996755981446,77.46213355883522
2025-06-02,DELL,Sell (Trailing Stop),30.618247522977967,106.40800442886353,-95.23140858894952
2025-06-03,GLW,Sell (TP),23.26011606136004,50.28273789978028,62.91273711240483
2025-06-03,ON,Buy,105.49928988939648,47.39368393135071,-5.0
2025-06-04,ON,Sell (TP),34.81476566350084,50.25485877990724,97.8615207429233
2025-06-04,ON,Sell (TP),34.81476566350084,50.25485877990724,97.8615207429233
2025-06-09,ON,Sell (TP),12.195717911214233,52.35381106758118,59.85381904586846
2025-06-10,APA,Buy,270.00111138410284,18.518442292213432,-5.0
2025-06-10,SNDK,Buy,120.1611260168353,41.61079515266418,-5.0
2025-06-11,ON,Sell (Trailing Stop),23.67404065118057,51.754108779907234,102.00364624602393
2025-06-11,SNDK,Sell (Trailing Stop),120.1611260168353,40.20988454246521,-173.16666137406963
2025-06-12,APA,Sell (TP),89.10036675675394,19.142824769973757,53.92707505717073
2025-06-13,APA,Sell (TP),59.69724572702514,20.1599379529953,96.78927705171911
2025-06-13,APA,Sell (TP),61.50625317329863,20.1599379529953,99.72228544722574
2025-06-13,OXY,Buy,109.3088624495654,45.74194523620605,-5.0
2025-06-17,TER,Buy,57.94750762508221,86.2849879989624,-5.0
2025-06-18,APA,Sell (Trailing Stop),59.69724572702512,19.48825972366333,56.73203408610123
2025-06-23,OXY,Sell (Trailing Stop),109.3088624495654,43.236793640136725,-278.56143595882105
2025-06-23,CF,Sell (Trailing Stop),18.63079340679318,94.84099114608763,283.82594962572193
2025-06-24,TER,Sell (TP),19.12267751627713,90.148148311615,72.15009488368366
2025-06-24,INTC,Buy,221.61868817990924,22.561274236679075,-5.0
2025-06-26,TER,Sell (TP),12.812193935905677,90.80638836288452,56.76562926612034
2025-06-27,GLW,Sell (TP),16.056528602357027,51.31255339241028,59.9475797240024
2025-07-02,INTC,Sell (Trailing Stop),221.61868817990924,21.869059161186218,-158.2543891721148
2025-07-02,TER,Sell (TP),8.844296298785798,93.92801097488403,66.76643265766108
2025-07-03,ALB,Buy,75.17135162842004,66.5147013015747,-5.0
2025-07-03,MRNA,Buy,163.90624096065838,30.50524477100372,-5.0
2025-07-03,BKR,Buy,127.8209930902268,39.117205078125,-5.0
2025-07-07,TER,Sell (Trailing Stop),17.168339874113606,90.34760297775269,68.19723637880305
2025-07-07,LYB,Buy,87.73092128008481,56.99244835281372,-5.0
2025-07-08,ALB,Sell (TP),24.806546037378613,69.42410999679566,70.45020835880885
2025-07-08,WDC,Sell (Trailing Stop),24.18466673450751,63.8316851348877,420.20428405718707
2025-07-08,MRNA,Sell (TP),54.08905951701727,32.523730915069585,107.41883916347257
2025-07-08,MRNA,Sell (TP),54.08905951701727,32.523730915069585,107.41883916347257
2025-07-08,LYB,Sell (TP),28.95120402242799,59.719911483764655,77.23437822624301
2025-07-09,ALB,Sell (TP),16.620385845043675,69.9876403465271,56.558365356482895
2025-07-09,LYB,Sell (TP),19.397306695026753,60.788682250976564,72.45757649551297
2025-07-10,MRNA,Sell (TP),18.94756145505211,34.262858779907226,70.54842473570584
2025-07-10,SLB,Buy,139.35146147609726,35.88049918556213,-5.0
2025-07-10,ALB,Sell (TP),11.47310271363924,73.42819520950317,78.47677649006668
2025-07-11,ALB,Sell (Trailing Stop),22.27131703235852,70.17549650573731,79.9678298518607
2025-07-11,BKR,Sell (TP),42.18092771977485,40.123082567214965,40.73641681659032
2025-07-14,LYB,Sell (Trailing Stop),39.38241056263007,59.101149059295665,80.71817125940376
2025-07-14,MRNA,Sell (Trailing Stop),36.78056047157174,32.85356393241882,85.1641224280558
2025-07-15,BKR,Sell (Trailing Stop),85.64006537045196,38.43732613563538,-61.516652201725634
2025-07-15,SLB,Sell (Trailing Stop),139.35146147609726,34.299354804992674,-225.11444545683503
2025-07-29,SLB,Buy,143.34073790299638,34.8819189376831,-5.0
2025-07-30,SLB,Sell (Trailing Stop),143.34073790299638,33.419134124755864,-214.46697782380872
2025-08-15,INTC,Buy,203.48132565334137,24.572279465675354,-5.0
2025-08-18,INTC,Sell (Trailing Stop),203.48132565334137,23.648169847488404,-192.85101110752606
2025-08-21,TXN,Buy,25.285331149540028,197.74310925292968,-5.0
2025-08-22,TXN,Sell (TP),8.34415927934821,202.81109560394287,40.59579725307836
2025-08-29,SLB,Buy,138.6327685280112,36.06650904464721,-5.0
2025-09-02,TXN,Sell (Trailing Stop),16.941171870191816,196.65964710998537,-21.686763260087474
2025-09-03,SLB,Sell (Trailing Stop),138.6327685280112,34.504818428039556,-221.28499227077177
2025-09-22,AMAT,Buy,25.002703736857,199.9783724441528,-5.0
2025-09-29,AMAT,Sell (TP),8.25089223316281,204.19210336303712,33.0822726715494
2025-09-30,CF,Buy,56.34500942662213,88.73900370025635,-5.0
2025-10-01,AMAT,Sell (TP),5.528097796219083,216.93481329345704,92.53762642746727
2025-10-01,AMAT,Sell (TP),5.695615911256025,216.93481329345704,95.34179692526932
2025-10-01,CF,Sell (Trailing Stop),56.34500942662213,85.4185883102417,-191.90174761422568
2025-10-02,CF,Buy,56.2572027126583,88.87750828170776,-5.0
2025-10-06,CF,Sell (TP),18.56487689517724,90.98269176864626,37.39338980449645
2025-10-07,AMAT,Sell (Trailing Stop),5.528097796219084,210.77767611694338,58.53440722742005
2025-10-09,CF,Sell (Trailing Stop),37.69232581748106,87.57307388305665,-52.46799919512617
2025-10-10,GLW,Sell (Trailing Stop),31.168555522222455,82.50255895614625,1087.5441039605257
2025-10-16,MRNA,Buy,184.13785415490563,27.153569389343264,-5.0
2025-10-16,ADI,Buy,20.82221361762842,240.1281675338745,-5.0
2025-10-17,MRNA,Sell (Trailing Stop),184.13785415490563,25.9969952287674,-217.7561150153515
2025-10-20,MRNA,Buy,183.4618682586785,27.25361977100372,-5.0
2025-10-20,ON,Buy,91.04575159309945,54.91744438934326,-5.0
2025-10-22,ON,Sell (Trailing Stop),91.04575159309945,51.90403530502319,-279.0837368444547
2025-10-23,MRNA,Sell (Trailing Stop),183.4618682586785,26.236875,-191.3473613353539
2025-10-24,ADI,Sell (Trailing Stop),20.82221361762842,236.31379083251954,-84.34434272722379
2025-10-28,SLB,Buy,141.29073878840703,35.38802360916137,-5.0
2025-10-29,SLB,Sell (TP),46.62594380017432,36.30893148422241,41.24526062890628
2025-10-29,KEYS,Buy,29.31601580095712,170.55523622131346,-5.0
2025-10-30,KEYS,Sell (TP),9.67428521431585,175.2823101196289,44.03533006032998
2025-10-31,KEYS,Sell (TP),6.481771093591621,182.86852671051025,78.62661842951249
2025-11-03,KEYS,Sell (TP),4.474386227636882,186.08690267944337,68.66204981801364
2025-11-04,KEYS,Sell (Trailing Stop),8.68557326541277,179.01045610046387,71.88362330379982
2025-11-04,Q,Buy,49.59366508750508,100.8193282585144,-5.0
2025-11-06,Q,Sell (Trailing Stop),49.59366508750508,93.1529317893982,-384.8244942184633
2025-11-12,SLB,Sell (Trailing Stop),94.6647949882327,35.559683950424194,12.883940822241826
2025-11-26,ADI,Buy,19.505486986409398,256.33812698364255,-5.0
2025-11-28,ADI,Sell (TP),6.436810705515102,263.4490201416016,44.07570173171983
2025-12-02,ADI,Sell (TP),4.312663172695118,271.024667678833,62.169265087245556
2025-12-04,ON,Buy,91.21192126060056,54.8173959159851,-5.0
2025-12-05,GEV,Buy,7.9265748023188625,630.7894802856445,-5.0
2025-12-05,ADI,Sell (TP),2.9770444567877203,279.2853973083496,67.48359887465993
2025-12-08,ON,Sell (TP),30.099934015998187,56.35181106758118,44.48960902137364
2025-12-10,MRNA,Buy,172.14953948224613,29.044515686988827,-5.0
2025-12-10,GEV,Sell (TP),2.6157696847652248,721.670417388916,235.83587659759505
2025-12-10,GEV,Sell (TP),2.6157696847652248,721.670417388916,235.83587659759505
2025-12-10,GEV,Sell (TP),2.6950354327884134,721.670417388916,242.9824183126737
2025-12-10,DOW,Buy,205.64023855223303,24.314307526588433,-5.0
2025-12-10,TXN,Buy,27.68823276161677,180.58212826538085,-5.0
2025-12-11,MRNA,Sell (TP),56.809348029141226,29.61518416118622,30.736884655978805
2025-12-15,DOW,Sell (Trailing Stop),205.64023855223303,23.16391502571106,-241.33042132081388
2025-12-16,ON,Sell (Trailing Stop),61.111987244602375,54.53272137260437,-20.729630036882316
2025-12-17,ADI,Sell (Trailing Stop),5.778968651411457,270.05890324401855,77.73127394586169
2025-12-17,MRNA,Sell (TP),38.062263179524614,30.4947452287674,54.03831947140751
2025-12-17,TXN,Sell (Trailing Stop),27.68823276161677,173.27176499176025,-207.20862885208982
2025-12-19,MRNA,Sell (TP),26.274495613017294,33.783099237442016,123.61625881558993
2025-12-23,MRNA,Sell (Trailing Stop),51.00343266056298,32.27385591506958,163.0613594241029
2026-01-02,AMD,Buy,22.363186208781947,223.58173622131346,-5.0
2026-01-06,VRT,Buy,28.572110194682928,174.9958251571655,-5.0
2026-01-06,AMD,Sell (Trailing Stop),22.363186208781947,214.24283110046386,-213.63882652950323
2026-01-08,BKR,Buy,99.92735927407227,50.03634676551819,-5.0
2026-01-08,VRT,Sell (Trailing Stop),28.572110194682928,160.66137412261963,-414.1559490247922
2026-01-12,BKR,Sell (Trailing Stop),99.92735927407227,47.74590956687928,-233.64846350224713
2026-01-12,LYB,Buy,104.94146179060523,47.64561036872863,-5.0
2026-01-13,VRT,Buy,28.941005416255777,172.76524875640868,-5.0
2026-01-13,Q,Buy,55.76789681919276,89.65731693649292,-5.0
2026-01-13,OXY,Buy,115.93695355948549,43.1268879032135,-5.0
2026-01-14,LYB,Sell (TP),34.63068239089973,51.35052877998351,126.52554893158022
2026-01-14,LYB,Sell (TP),34.63068239089973,51.35052877998351,126.52554893158022
2026-01-14,OXY,Sell (TP),38.259194674630216,44.08850609016419,35.10394667979409
2026-01-15,CF,Buy,58.015937716303114,86.18321442031859,-5.0
2026-01-15,Q,Sell (TP),18.40340595033361,93.01377258300782,60.058445601286095
2026-01-15,AMD,Buy,21.926558834345563,228.03395816802978,-5.0
2026-01-16,OXY,Sell (Trailing Stop),77.67775888485528,42.47696942710877,-53.78372647099415
2026-01-16,VRT,Sell (TP),9.550531787364406,176.79944972991944,36.84023586949685
2026-01-16,Q,Sell (TP),12.33028198672352,97.13905876159669,91.05423446893755
2026-01-16,Q,Sell (TP),12.703926895412112,97.13905876159669,93.81345369526899
2026-01-20,CF,Sell (TP),19.145259446380027,87.90650236129761,31.30980193613051
2026-01-20,LYB,Sell (Trailing Stop),35.68009700880577,48.24974687767029,19.834093596353984
2026-01-21,CF,Sell (TP),12.82732382907462,91.3265291633606,64.80348880008975
2026-01-21,VRT,Sell (TP),6.398856297534152,181.33610543823244,53.68333657349685
2026-01-21,AMD,Sell (TP),7.235764415334036,249.67510305023194,154.7836358196809
2026-01-21,AMD,Sell (TP),7.235764415334036,249.67510305023194,154.7836358196809
2026-01-21,AMD,Sell (TP),7.455030003677492,249.67510305023194,159.47404902633792
2026-01-22,Q,Sell (Trailing Stop),12.330281986723518,98.64733744812013,109.6331384868171
2026-01-27,VRT,Sell (TP),4.417149892661454,189.07041078948976,71.18719237952745
2026-01-29,CF,Sell (TP),8.85474050988848,93.48392008209228,63.818078319905595
2026-01-30,VRT,Sell (Trailing Stop),8.574467438695764,186.04262856292726,112.25124436136807
2026-02-02,CF,Sell (Trailing Stop),17.18861393095999,89.31825645828248,52.35177022064333
2026-03-02,DELL,Buy,32.647110991488994,153.15290842437744,-5.0
2026-03-03,DELL,Sell (Trailing Stop),32.647110991488994,144.65981164550783,-281.99779812801273
2026-04-08,ON,Buy,73.08425636307719,68.41418725204467,-5.0
2026-04-08,AMD,Buy,21.55767876577585,231.93591732788084,-5.0
2026-04-09,TXN,Buy,23.246354771115712,215.0874857254028,-5.0
2026-04-09,AMD,Sell (TP),7.114033992706031,236.52167938995362,30.940643924855372
2026-04-10,AMD,Sell (TP),4.766402775113041,244.91747328948975,60.707949036337226
2026-04-13,ON,Sell (TP),24.11780459981547,70.98448664474488,60.2779885376518
2026-04-14,ON,Sell (TP),16.158929081876366,72.01397805023194,57.00509545328174
2026-04-14,AMD,Sell (TP),3.290262279305306,254.94247232055665,74.85877246909519
2026-04-16,TXN,Sell (TP),7.671297074468185,222.98845610046385,58.90008023274208
2026-04-16,ON,Sell (TP),11.15455771167102,79.8900353050232,127.11687138791923
2026-04-17,TXN,Sell (TP),5.139769039893684,229.70509732055666,73.95051636644885
2026-04-20,TXN,Sell (TP),3.5479981432963066,233.5831469497681,64.79381911140251
