Date,Close,High,Low,Open,Volume,EMA_Short,EMA_Long,Signal,Signal_Type
2025-02-19,46.0,48.5,45.5,46.5099983215332,220700,46.0,46.0,0,Hold
2025-02-20,48.2599983215332,49.4900016784668,46.709999084472656,48.97999954223633,446200,46.21523793538412,46.08862738515816,1,Buy
2025-02-21,50.369998931884766,50.68999862670898,48.0,48.9900016784668,1252100,46.61092945886037,46.25652430855921,0,Hold
2025-02-24,48.59999847412109,53.0,46.209999084472656,52.0,33848500,46.80036460317091,46.348425256228296,0,Hold
2025-02-25,48.15999984741211,55.0099983215332,47.810001373291016,48.29999923706055,8198900,46.92985367405103,46.41946739705903,0,Hold
2025-02-26,46.58000183105469,49.90999984741211,45.29999923706055,46.150001525878906,8389000,46.89653445090852,46.42576286505886,0,Hold
2025-02-27,45.15999984741211,47.869998931884766,41.58000183105469,46.040000915527344,9676100,46.73115020295648,46.376125099660946,0,Hold
2025-02-28,46.84999847412109,48.70000076293945,43.75,45.22999954223633,7713800,46.74246908592454,46.394708369247624,0,Hold
2025-03-03,50.310001373291016,50.880001068115234,47.60499954223633,48.4900016784668,4813000,47.08223406567373,46.54824927136698,0,Hold
2025-03-04,48.68999862670898,50.09999847412109,45.09700012207031,46.68999862670898,6074700,47.23535450005804,46.6322394421647,0,Hold
2025-03-05,48.470001220703125,49.39799880981445,46.5,47.59999847412109,5071800,47.35293990202423,46.70430853151915,0,Hold
2025-03-06,46.5,49.060001373291016,45.2400016784668,47.40999984741211,4157300,47.27170753040288,46.69629643224389,0,Hold
2025-03-07,51.0,51.130001068115234,47.15999984741211,49.20000076293945,7825500,47.62678300369784,46.8650691211755,0,Hold
2025-03-10,53.0,53.66999816894531,49.54999923706055,50.4900016784668,5223800,48.13851795572661,47.10565464583529,0,Hold
2025-03-11,52.15999984741211,53.18999862670898,49.81999969482422,51.84000015258789,3153400,48.52151623112523,47.3038642615834,0,Hold
2025-03-12,50.43999862670898,53.09999847412109,50.380001068115234,53.0,2177500,48.704228840228446,47.426849922960876,0,Hold
2025-03-13,48.43999862670898,50.869998931884766,47.86000061035156,50.0,3547400,48.6790640579885,47.46658124467649,0,Hold
2025-03-14,54.81999969482422,54.93999862670898,49.43000030517578,49.43000030517578,4847600,49.26391507102048,47.75495059566268,0,Hold
2025-03-17,55.650001525878906,58.36000061035156,54.744998931884766,54.79999923706055,2930700,49.872113781006995,48.06456043606332,0,Hold
2025-03-18,56.41999816894531,57.88999938964844,54.56999969482422,55.13999938964844,2587300,50.495721817953495,48.39222466088222,0,Hold
2025-03-19,56.33000183105469,57.60499954223633,55.66999816894531,56.29999923706055,2520700,51.05136753348694,48.70351004010467,0,Hold
2025-03-20,56.209999084472656,57.16999816894531,54.91999816894531,56.5099983215332,2701900,51.54266577643796,48.997882159491645,0,Hold
2025-03-21,53.959999084472656,55.45000076293945,51.915000915527344,55.09999847412109,6372200,51.77288799625079,49.19247498007913,0,Hold
2025-03-24,52.9900016784668,55.685001373291016,51.84000015258789,54.61000061035156,3562800,51.888803585033266,49.34139759570218,0,Hold
2025-03-25,52.20000076293945,53.18000030517578,51.7599983215332,52.130001068115234,3079000,51.918441411500524,49.45349968069188,0,Hold
2025-03-26,52.619998931884766,53.70000076293945,51.97999954223633,53.52999877929688,1242400,51.98525641344188,49.57767612191513,0,Hold
2025-03-27,52.880001068115234,54.2400016784668,51.709999084472656,51.95000076293945,1618100,52.070470190077444,49.70717906098181,0,Hold
2025-03-28,48.970001220703125,52.88999938964844,48.45500183105469,52.209999084472656,3987300,51.775187431089414,49.67827012606892,0,Hold
2025-03-31,47.61000061035156,48.39500045776367,47.02000045776367,47.40999984741211,2113400,51.37850297197152,49.597161517609415,0,Hold
2025-04-01,48.11000061035156,49.36000061035156,46.58000183105469,47.54999923706055,2115600,51.06721703276962,49.538841482030676,0,Hold
2025-04-02,47.66999816894531,48.709999084472656,46.5099983215332,46.91999816894531,1725300,50.743672379072066,49.465553508968505,0,Hold
2025-04-03,38.2599983215332,44.79999923706055,37.54999923706055,44.79999923706055,7372000,49.554751040258836,49.02611997220634,0,Hold
2025-04-04,30.11000061035156,35.869998931884766,28.36000061035156,35.720001220703125,11428600,47.702870046934336,48.28431136978066,-1,Sell
2025-04-07,31.479999542236328,32.97999954223633,27.88500022888184,29.21999931335449,6238600,46.157834760772616,47.62531874909265,0,Hold
2025-04-08,32.349998474121094,35.84000015258789,31.655000686645508,33.0,5979600,44.842802733472475,47.026286581446705,0,Hold
2025-04-09,36.58000183105469,39.650001525878906,31.26000022888184,31.920000076293945,5601600,44.05586931419459,46.61662835594114,0,Hold
2025-04-10,31.075000762939453,35.029998779296875,30.51000022888184,34.599998474121094,4153400,42.819596118836955,46.007152764058716,0,Hold
2025-04-11,31.96999931335449,32.04999923706055,28.270000457763672,30.559999465942383,4856000,41.78630118498148,45.456676158148746,0,Hold
2025-04-14,33.54999923706055,36.16999816894531,32.47999954223633,33.75,4102300,41.001891475655675,44.9897476514394,0,Hold
2025-04-15,33.22999954223633,34.560001373291016,32.88999938964844,33.29999923706055,1936800,40.261711291520506,44.52858105892163,0,Hold
2025-04-16,32.029998779296875,33.119998931884766,30.75,32.29999923706055,2321000,39.47773867130873,44.038440577367716,0,Hold
2025-04-17,31.290000915527344,32.65999984741211,30.38999938964844,31.75,2057200,38.69795412313908,43.53850176709947,0,Hold
2025-04-21,29.809999465942383,31.06999969482422,28.940000534057617,31.06999969482422,2579400,37.851482251025104,43.000129127838406,0,Hold
2025-04-22,29.6200008392334,31.1200008392334,29.315000534057617,30.26000022888184,2883700,37.06753164037827,42.47541821455978,0,Hold
2025-04-23,30.36000061035156,32.77799987792969,30.200000762939453,31.98500061035156,2750200,36.428719161328104,42.00030379870848,0,Hold
2025-04-24,32.290000915527344,32.97999954223633,30.309999465942383,30.809999465942383,2590500,36.03455551887089,41.61950760721118,0,Hold
2025-04-25,32.849998474121094,33.369998931884766,31.600000381469727,32.2599983215332,1322100,35.73126437175186,41.27560528826647,0,Hold
2025-04-28,32.27000045776367,33.0,31.65999984741211,32.630001068115234,1421000,35.40162018946727,40.92244431452126,0,Hold
2025-04-29,32.939998626708984,33.040000915527344,31.38999938964844,31.38999938964844,1385900,35.167180040633156,40.6094072287247,0,Hold
2025-04-30,32.11000061035156,32.470001220703125,31.01000022888184,31.84000015258789,2322100,34.876020094892056,40.27609716525909,0,Hold
2025-05-01,32.59000015258789,34.189998626708984,32.47999954223633,32.47999954223633,1910200,34.65830390991071,39.97468159613473,0,Hold
2025-05-02,34.400001525878906,35.40999984741211,33.04999923706055,33.11000061035156,2193700,34.63370368286006,39.756066691418816,0,Hold
2025-05-05,34.61000061035156,35.22999954223633,33.525001525878906,33.83000183105469,1993800,34.63144624738306,39.55426017843579,0,Hold
2025-05-06,33.83000183105469,34.43000030517578,33.459999084472656,34.02000045776367,1707600,34.55511820773274,39.329779458930645,0,Hold
2025-05-07,34.970001220703125,35.560001373291016,33.37799835205078,34.0,3640000,34.594630875634685,39.15880776331388,0,Hold
2025-05-08,36.65999984741211,37.7599983215332,33.130001068115234,34.970001220703125,4969000,34.79133268247063,39.06081529602362,0,Hold
2025-05-09,37.7400016784668,38.790000915527344,37.27999877929688,37.959999084472656,2039200,35.07215830113693,39.00901868357041,0,Hold
2025-05-12,41.27000045776367,42.2400016784668,40.0,41.13999938964844,5374400,35.66242898272043,39.09768463549956,0,Hold
2025-05-13,42.0,43.79999923706055,41.29999923706055,41.84999847412109,2186700,36.266007174842294,39.2115009243035,0,Hold
2025-05-14,41.93000030517578,43.43000030517578,41.0099983215332,42.0,1828400,36.80543509201691,39.31810874316123,0,Hold
2025-05-15,40.540000915527344,41.86299896240234,39.75,41.16999816894531,1930800,37.16110802758933,39.36602608325402,0,Hold
2025-05-16,40.43999862670898,41.0,39.92499923706055,40.52000045776367,2132500,37.47338332274358,39.40814265358559,0,Hold
2025-05-19,38.77999877929688,39.5,38.52999877929688,39.33000183105469,1765400,37.59782289003437,39.383509560476234,0,Hold
2025-05-20,40.18000030517578,41.11100006103516,38.45000076293945,38.77999877929688,1756400,37.84374454861927,39.414744491640924,0,Hold
2025-05-21,38.59999847412109,40.47999954223633,38.34999847412109,40.040000915527344,1816200,37.9157687320004,39.38279366742446,0,Hold
2025-05-22,37.84000015258789,39.28400039672852,37.77000045776367,38.400001525878906,1764900,37.90855267681826,39.32229196096028,0,Hold
2025-05-23,37.27999877929688,37.56700134277344,35.790000915527344,36.25,1232900,37.848690400863845,39.2422020322676,0,Hold
2025-05-27,38.18000030517578,38.619998931884766,37.5,37.94499969482422,1411000,37.88024372508403,39.200547062577726,0,Hold
2025-05-28,38.58000183105469,38.90999984741211,37.79999923706055,38.400001525878906,1055800,37.94688735422409,39.17621195545917,0,Hold
2025-05-29,38.59999847412109,39.22499847412109,37.685001373291016,39.040000915527344,1501900,38.00908841326189,39.15361534834788,0,Hold
2025-05-30,37.68999862670898,38.45000076293945,36.68000030517578,38.18999862670898,5499600,37.97869890978066,39.09621861416596,0,Hold
2025-06-02,37.33000183105469,37.880001068115234,36.20700073242188,37.540000915527344,1621000,37.91691823561628,39.0269552109067,0,Hold
2025-06-03,38.63999938964844,39.2400016784668,36.869998931884766,37.45000076293945,1294000,37.985783107428865,39.01178047281814,0,Hold
2025-06-04,39.81999969482422,40.27000045776367,38.34999847412109,38.63999938964844,1860500,38.16047040146652,39.04347534426936,0,Hold
2025-06-05,39.119998931884766,40.45000076293945,37.33000183105469,39.375,5456000,38.251854071030166,39.04647626927389,0,Hold
2025-06-06,39.150001525878906,40.15499877929688,38.52999877929688,39.72999954223633,10955500,38.3373919238729,39.0505360832584,0,Hold
2025-06-09,41.81999969482422,42.23500061035156,39.54999923706055,40.27000045776367,10990300,38.66906885443969,39.159142499398236,0,Hold
2025-06-10,41.59000015258789,42.65999984741211,40.75,41.790000915527344,4056300,38.94725278759667,39.254470250503715,0,Hold
2025-06-11,40.22999954223633,43.22999954223633,39.88999938964844,42.380001068115234,3891800,39.0694191451814,39.2927263011599,0,Hold
2025-06-12,41.29999923706055,41.83000183105469,39.43999862670898,39.66999816894531,2052000,39.28185534440799,39.371442886881496,0,Hold
2025-06-13,42.5,42.83000183105469,40.77999877929688,41.0,2755900,39.58834531160723,39.494131401121436,1,Buy
2025-06-16,44.209999084472656,44.84999847412109,42.560001373291016,43.369998931884766,2901800,40.02850281378488,39.679067388703835,0,Hold
2025-06-17,44.09000015258789,44.55899810791016,43.53499984741211,44.22999954223633,2914900,40.415312084147075,39.852045144150274,0,Hold
2025-06-18,46.619998931884766,47.43000030517578,44.86000061035156,45.0,3351400,41.00623464107448,40.11745509661045,0,Hold
2025-06-20,46.58000183105469,48.209999084472656,44.7599983215332,46.97999954223633,4762700,41.53706961154878,40.37088830188277,0,Hold
2025-06-23,46.95000076293945,48.25,45.80400085449219,46.36000061035156,1791600,42.05258686406218,40.62889271212029,0,Hold
2025-06-24,47.34000015258789,48.75,46.709999084472656,47.18000030517578,1740600,42.55615003439796,40.8920733960602,0,Hold
2025-06-25,47.25,48.15999984741211,47.04999923706055,47.34000015258789,2357900,43.003183364455296,41.141403851116664,0,Hold
2025-06-26,47.43999862670898,49.81999969482422,47.06999969482422,49.595001220703125,3449600,43.42573719895565,41.38840756780656,0,Hold
2025-06-27,47.150001525878906,47.7400016784668,46.18999862670898,47.22999954223633,3624000,43.780429039615015,41.61435242890744,0,Hold
2025-06-30,45.34999847412109,47.34000015258789,45.33000183105469,47.22999954223633,3034600,43.929911842901305,41.76084835224915,0,Hold
2025-07-01,44.959999084472656,45.915000915527344,44.29999923706055,45.70000076293945,2893400,44.02801538971762,41.8863052437089,0,Hold
2025-07-02,46.209999084472656,46.2400016784668,44.16999816894531,44.52000045776367,3509400,44.23582336064668,42.055861864915315,0,Hold
2025-07-03,46.40999984741211,47.31999969482422,45.88999938964844,46.095001220703125,1441600,44.442887787957666,42.22661237403284,0,Hold
2025-07-07,45.220001220703125,47.23500061035156,45.09000015258789,47.13999938964844,2446100,44.51689859107628,42.34400017194148,0,Hold
2025-07-08,46.16999816894531,47.25,45.61000061035156,46.119998931884766,2347200,44.67433664611142,42.494039309078886,0,Hold
2025-07-09,46.20000076293945,47.09000015258789,45.98500061035156,46.119998931884766,1575100,44.81963799057124,42.63937113079891,0,Hold
2025-07-10,46.95000076293945,47.75,46.619998931884766,47.369998931884766,1734300,45.02252968317774,42.808415430098535,0,Hold
2025-07-11,46.09000015258789,47.415000915527344,45.82500076293945,46.290000915527344,1242000,45.12419353740728,42.937105027058905,0,Hold
2025-07-14,42.47999954223633,44.84999847412109,41.459999084472656,44.630001068115234,5486900,44.87236553786719,42.91917932177175,0,Hold
2025-07-15,42.720001220703125,43.45000076293945,42.51499938964844,42.79999923706055,2398200,44.667378460042045,42.91136841584749,0,Hold
2025-07-16,41.36000061035156,42.959999084472656,40.29999923706055,42.7599983215332,2338400,44.35239009340486,42.850530462690784,0,Hold
2025-07-17,41.52000045776367,42.2599983215332,41.040000915527344,41.400001525878906,2290100,44.082638699534265,42.79835281543875,0,Hold
2025-07-18,42.18999862670898,42.28499984741211,40.84000015258789,41.540000915527344,1678600,43.9023872640271,42.77449578842974,0,Hold
2025-07-21,41.61000061035156,42.27999877929688,40.54999923706055,41.72800064086914,2174200,43.68406472558181,42.728829310858046,0,Hold
2025-07-22,41.36000061035156,41.97999954223633,40.88999938964844,41.5099983215332,1846700,43.462725286036076,42.67514975397544,0,Hold
2025-07-23,43.0,43.650001525878906,41.060001373291016,41.060001373291016,2220800,43.418656211175495,42.68788897930974,0,Hold
2025-07-24,42.060001373291016,43.5,42.02999877929688,43.08000183105469,1347100,43.289260512329356,42.66326593593646,0,Hold
2025-07-25,42.47999954223633,42.60499954223633,41.5,42.47999954223633,869200,43.212188038987165,42.65607901853645,0,Hold
2025-07-28,41.88999938964844,43.2400016784668,41.56999969482422,43.08000183105469,851300,43.086265310478716,42.62603668014869,0,Hold
2025-07-29,42.93000030517578,43.18999862670898,41.67699813842773,42.2599983215332,1202600,43.07138292902129,42.63795682230661,0,Hold
2025-07-30,43.38999938964844,43.470001220703125,42.06999969482422,42.06999969482422,1334800,43.10172735384292,42.66744868769257,0,Hold
2025-07-31,42.91999816894531,44.619998931884766,42.24300003051758,43.72999954223633,1849200,43.084419812424095,42.67735258891817,0,Hold
2025-08-01,41.33000183105469,42.22499847412109,40.09999847412109,42.18000030517578,1661800,42.917332385627006,42.624515304296075,0,Hold
2025-08-04,42.5099983215332,42.540000915527344,41.59999847412109,42.11000061035156,1540000,42.878538665237116,42.62002444222694,0,Hold
2025-08-05,41.93000030517578,43.39500045776367,41.369998931884766,42.52999877929688,1422900,42.788201678564604,42.5929646721465,0,Hold
2025-08-06,42.09999847412109,43.0,41.6150016784668,42.720001220703125,1553800,42.72265851623665,42.5736326643808,0,Hold
2025-08-07,40.68999862670898,42.34999847412109,40.52999877929688,42.0,2207200,42.52907186009116,42.49976466290347,0,Hold
2025-08-08,44.34000015258789,44.84999847412109,41.0,41.40999984741211,3516500,42.70154122128132,42.57193076053816,0,Hold
2025-08-11,43.369998931884766,46.34999847412109,43.16999816894531,45.70000076293945,3095000,42.76520386038641,42.603227551571365,0,Hold
2025-08-12,46.83000183105469,47.86000061035156,45.0,45.209999084472656,3204500,43.15232747664053,42.76898340566875,0,Hold
2025-08-13,47.0099983215332,48.459999084472656,46.79999923706055,47.02000045776367,2348500,43.51972469996364,42.93529771609481,0,Hold
2025-08-14,46.68000030517578,47.26399993896485,46.08000183105469,46.43000030517578,3549300,43.82070332903147,43.08214879801955,0,Hold
2025-08-15,44.540000915527344,46.130001068115234,42.81999969482422,43.060001373291016,7519200,43.889207861078695,43.13931946929437,0,Hold
2025-08-18,45.52000045776367,45.869998931884766,44.25,44.25,2541700,44.04452144171536,43.23267950805788,0,Hold
2025-08-19,44.58000183105469,46.5,44.2599983215332,46.22999954223633,2372900,44.09551957403339,43.28551567758716,0,Hold
2025-08-20,44.400001525878906,45.0,43.20199966430664,44.86000061035156,1526800,44.12451785516153,43.32922100497115,0,Hold
2025-08-21,45.5,45.59999847412109,43.560001373291016,43.869998931884766,1802300,44.255516154669955,43.4143495930115,0,Hold
2025-08-22,46.369998931884766,47.18999862670898,45.630001068115234,46.11000061035156,2208300,44.45689546678565,43.53025741022222,0,Hold
2025-08-25,46.77999877929688,46.880001068115234,46.0099983215332,46.36000061035156,1318100,44.678143401310535,43.657698248225145,0,Hold
2025-08-26,47.34999847412109,48.209999084472656,46.75,46.75,2577800,44.932605789197254,43.802494335515185,0,Hold
2025-08-27,48.43999862670898,49.08000183105469,47.400001525878906,47.400001525878906,2145100,45.26664320229361,43.984357248895336,0,Hold
2025-08-28,50.869998931884766,51.22999954223633,48.560001373291016,48.560001373291016,2919400,45.80029612892134,44.254382412934135,0,Hold
2025-08-29,52.470001220703125,52.93999862670898,50.81999969482422,51.150001525878906,4228000,46.43550613766246,44.57656354265057,0,Hold
2025-09-02,51.06999969482422,51.70000076293945,50.06999969482422,51.0099983215332,2023400,46.876886476439765,44.83120809763777,0,Hold
2025-09-03,53.0099983215332,53.22499847412109,50.650001525878906,51.91999816894531,1689700,47.460992366448664,45.15194496916308,0,Hold
2025-09-04,62.5,62.650001525878906,55.54999923706055,55.66999816894531,10189000,48.893278807739264,45.83226085272532,0,Hold
2025-09-05,68.55000305175781,68.66999816894531,63.7400016784668,65.5199966430664,9050000,50.76534778336008,46.72315270366777,0,Hold
2025-09-08,70.49500274658203,71.0,67.86000061035156,68.6500015258789,5869100,52.64436254176216,47.655382117115394,0,Hold
2025-09-09,70.51000213623047,71.4000015258789,69.56999969482422,70.26000213623047,3364300,54.34585202694962,48.551641725708144,0,Hold
2025-09-10,73.91999816894531,74.48999786376953,72.02999877929688,72.41999816894531,4053000,56.210056421425406,49.54647923328608,0,Hold
2025-09-11,84.30000305175781,85.88999938964844,81.37999725341797,82.30000305175781,10167400,58.88528943383802,50.90936252028497,0,Hold
2025-09-12,86.12999725341797,86.95999908447266,82.27999877929688,85.30999755859375,5641700,61.48002351189325,52.290563882368616,0,Hold
2025-09-15,90.08999633789062,92.05500030517578,85.12000274658203,85.30000305175781,8981300,64.2047828286549,53.77289456689889,0,Hold
2025-09-16,91.5500030517578,93.12999725341795,89.55999755859375,90.30999755859376,6292100,66.80908951656946,55.25434980159924,0,Hold
2025-09-17,93.97000122070312,94.80999755859376,90.22000122070312,90.7750015258789,7031000,69.39584301220123,56.7726106415641,0,Hold
2025-09-18,98.87000274658205,102.93000030517578,96.85800170898438,97.3000030517578,9441900,72.20290584404702,58.42348876332951,0,Hold
2025-09-19,102.20999908447266,102.98999786376952,96.70999908447266,98.0,6459900,75.06072424789708,60.140606815139044,0,Hold
2025-09-22,102.91999816894533,108.8000030517578,101.58999633789062,105.76000213623048,7692200,77.71398843085406,61.81823000548439,0,Hold
2025-09-23,106.4000015258789,110.20999908447266,104.6999969482422,105.0,7835000,80.44598967799928,63.56653477099006,0,Hold
2025-09-24,99.83000183105467,107.72000122070312,96.63099670410156,103.55500030517578,12409300,82.29208607352837,64.98863151844358,0,Hold
2025-09-25,94.29000091552734,100.4499969482422,93.53500366210938,96.26499938964844,10569300,83.43474462990922,66.13770482813314,0,Hold
2025-09-26,97.12000274658205,99.64600372314452,94.38999938964844,96.0,6418000,84.73810254578282,67.35269690336644,0,Hold
2025-09-29,113.5,114.0,103.3479995727539,104.25,12435400,87.47733087475589,69.16239506401874,0,Hold
2025-09-30,112.1999969482422,120.73999786376952,112.11000061035156,114.0999984741211,11414800,89.83187050080221,70.8501441575177,0,Hold
2025-10-01,121.12000274658205,123.8499984741211,112.0,113.05999755859376,12237400,92.8116926194479,72.82151116101042,0,Hold
2025-10-02,124.13999938964844,132.2899932861328,123.26000213623048,128.69000244140625,9453400,95.79534088327652,74.83400089546681,0,Hold
2025-10-03,128.41000366210938,137.0500030517578,126.6999969482422,128.2899932861328,10193700,98.90149924316536,76.93502061180574,0,Hold
2025-10-06,121.16999816894533,134.7899932861328,119.29000091552734,133.60000610351562,9963900,101.0223086646682,78.6697256140465,0,Hold
2025-10-07,120.9499969482422,125.1999969482422,115.68000030517578,125.1999969482422,6594600,102.92018373929429,80.32777547028947,0,Hold
2025-10-08,131.8800048828125,132.27999877929688,120.1999969482422,121.5,7173400,105.67826194343888,82.34943152568253,0,Hold
2025-10-09,129.67999267578125,131.60499572753906,126.12000274658205,127.0,3561500,107.96414106080482,84.20553196294131,0,Hold
2025-10-10,116.91000366210938,132.0,116.16999816894533,131.4600067138672,7860200,108.81612797521478,85.48806026486947,0,Hold
2025-10-13,134.61000061035156,135.91000366210938,124.0479965209961,129.74000549316406,8297300,111.27268727379925,87.41441086665309,0,Hold
2025-10-14,127.29000091552734,130.47999572753906,120.95999908447266,123.58999633789062,7078600,112.7981457158686,88.97815949602071,0,Hold
2025-10-15,144.3000030517578,144.5500030517578,130.5,134.75,8971100,115.7983226050009,91.14764355703001,0,Hold
2025-10-16,144.27000427246094,149.08999633789062,141.6999969482422,146.0,6289600,118.5099113352352,93.23087338900768,0,Hold
2025-10-17,140.16000366210938,150.82000732421875,136.2899932861328,139.22000122070312,8279800,120.5718248901756,95.07123143893324,0,Hold
2025-10-20,148.0399932861328,152.6300048828125,145.5,145.97999572753906,6626100,123.18784092788582,97.14843778588225,0,Hold
2025-10-21,149.2899932861328,150.16000366210938,142.75999450683594,145.8000030517578,4177900,125.67376020009982,99.19320466824503,0,Hold
2025-10-22,146.9499969482422,157.39999389648438,144.82000732421875,149.10000610351562,7516800,127.70006846182767,101.06602005177433,0,Hold
2025-10-23,167.0500030517578,167.9499969482422,146.0,146.9949951171875,9011400,131.44768127991625,103.65362722824428,0,Hold
2025-10-24,186.16000366210932,187.3600006103516,173.5,174.39999389648438,10653100,136.6583786496489,106.88917140212133,0,Hold
2025-10-27,176.49000549316406,191.8500061035156,173.72000122070312,191.5,11235500,140.45186692045988,109.61861587627988,0,Hold
2025-10-28,175.52999877929688,178.82000732421875,164.55999755859375,175.49000549316406,9140800,143.79264138320625,112.20337599012369,0,Hold
2025-10-29,204.3600006103516,205.63999938964844,181.509994506836,186.6699981689453,9365000,149.56096130960105,115.81736126934831,0,Hold
2025-10-30,195.82000732421875,204.9199981689453,191.08999633789065,192.0200042724609,7341500,153.96658473956467,118.95471993816676,0,Hold
2025-10-31,199.3300018310547,209.7700042724609,189.5800018310547,203.5,6920700,158.28691017684946,122.10669177710355,0,Hold
2025-11-03,207.009994506836,213.3999938964844,189.1000061035156,210.8500061035156,10626000,162.92720392256246,125.43623306062248,0,Hold
2025-11-04,194.57000732421875,202.97999572753903,185.0,188.134994506836,9800800,165.94080424652972,128.14736146311645,0,Hold
2025-11-05,216.5,218.94000244140625,201.8699951171875,201.8800048828125,10336300,170.75596574686023,131.61217081750405,0,Hold
2025-11-06,207.69000244140625,226.5,205.17999267578125,212.0,10402700,174.27349305110272,134.59561519491197,0,Hold
2025-11-07,239.47999572753903,240.0,203.3999938964844,208.4199981689453,20552100,180.48363616314427,138.70872815697578,0,Hold
2025-11-10,267.95001220703125,270.9100036621094,247.0,247.0,15276400,188.81376721494303,143.77701380599757,0,Hold
2025-11-11,271.5799865722656,275.8699951171875,255.8699951171875,262.2900085449219,12180900,196.69626429659277,148.78889509094927,0,Hold
2025-11-12,283.1000061035156,284.760009765625,267.04998779296875,271.5799865722656,13730300,204.9251920877283,154.05599748359893,0,Hold
2025-11-13,243.57000732421875,271.8399963378906,234.1300048828125,268.0,23274900,208.60565068167978,157.56635081068205,0,Hold
2025-11-14,254.16000366210932,270.489013671875,235.0500030517578,236.0,19464400,212.94416048933974,161.35433719701254,0,Hold
2025-11-17,265.8800048828125,282.79998779296875,253.0,253.3999938964844,14211500,217.98566947919429,165.45338298861253,0,Hold
2025-11-18,244.92999267578125,260.6319885253906,229.1100006103516,257.1499938964844,16433900,220.55179549791686,168.57011278026621,0,Hold
2025-11-19,245.9600067138672,256.9800109863281,233.78500366210932,251.1100006103516,12005800,222.9716251375312,171.6050105815839,0,Hold
2025-11-20,195.9600067138672,254.6000061035156,192.6199951171875,252.1699981689453,26590900,220.3990900495632,172.56010846912443,0,Hold
2025-11-21,200.2700042724609,205.5,183.0,205.3699951171875,20061000,218.48203426126776,173.6467710496474,0,Hold
2025-11-24,226.9600067138672,228.17999267578125,205.1300048828125,206.0500030517578,13798900,219.28946020913438,175.73748617373448,0,Hold
2025-11-25,220.5,229.06900024414065,209.0,228.3999938964844,14680600,219.40474971302635,177.49287887280374,0,Hold
2025-11-26,215.0399932861328,228.0,205.3999938964844,226.0,43000900,218.98905862475078,178.96531473214998,0,Hold
2025-11-28,223.27999877929688,237.7700042724609,211.72999572753903,225.25,13367500,219.39771959185043,180.70314547909692,0,Hold
2025-12-01,210.1699981689453,215.3000030517578,205.2400054931641,211.83999633789065,10280900,218.51888898014516,181.8587083296792,0,Hold
2025-12-02,205.3500061035156,217.0,192.8000030517578,211.75,11095800,217.26470965856137,182.77993569335905,0,Hold
2025-12-03,194.3800048828125,199.17999267578125,187.6999969482422,196.69500732421875,9868200,215.08521396563293,183.2348403674553,0,Hold
2025-12-04,213.3099975585937,214.9900054931641,189.67999267578125,192.3249969482422,12166500,214.91614573639112,184.41425829651956,0,Hold
2025-12-05,228.47000122070312,229.4499969482422,211.25,212.3999938964844,8451300,216.20698911584938,186.14193448962482,0,Hold
2025-12-08,225.47000122070312,238.8600006103516,215.6000061035156,235.66000366210932,8710000,217.08918074488307,187.68421161633378,0,Hold
2025-12-09,219.4600067138672,224.3300018310547,213.5,222.2700042724609,6299000,217.3149736943101,188.93032122800176,0,Hold
2025-12-10,232.8600006103516,234.1699981689453,215.1999969482422,218.0,6090400,218.79545244821884,190.6530537527998,0,Hold
2025-12-11,241.6100006103516,244.19000244140625,217.6699981689453,230.0,7622500,220.96826655889814,192.65136539427243,0,Hold
2025-12-12,206.17999267578125,236.0,204.8000030517578,232.1100006103516,12083200,219.55985952241082,193.18189979746884,0,Hold
2025-12-15,201.8699951171875,217.0,200.3419952392578,214.44500732421875,6265000,217.87511053143717,193.52260941785,0,Hold
2025-12-16,209.3099975585937,210.5,199.5,201.1300048828125,6638400,217.05938548640444,194.14172267827132,0,Hold
2025-12-17,206.8300018310547,221.9900054931641,205.5200042724609,215.9900054931641,8232300,216.08515847160922,194.63930225289027,0,Hold
2025-12-18,219.4600067138672,231.0,214.0,222.7350006103516,9924100,216.40657258991948,195.61266321214427,0,Hold
2025-12-19,237.6100006103516,243.7100067138672,221.0,222.2899932861328,10925000,218.42594668710348,197.25961761991712,0,Hold
2025-12-22,241.0500030517578,252.0,226.6000061035156,249.6450042724609,8663400,220.58061872183248,198.97688763685207,0,Hold
2025-12-23,244.8999938964844,245.5,234.0,238.4199981689453,5305700,222.89674969084695,200.7777937646808,0,Hold
2025-12-24,250.0800018310547,261.3699951171875,244.5,244.8999938964844,5642600,225.4856308470572,202.71121368885233,0,Hold
2025-12-26,250.0500030517578,261.5,245.1000061035156,259.5950012207031,5553700,227.8250948665525,204.56763680112314,0,Hold
2025-12-29,244.25,250.0,236.009994506836,241.55499267578125,5706200,229.38937154592844,206.12380790696147,0,Hold
2025-12-30,240.22000122070312,247.47999572753903,236.5200042724609,245.8699951171875,6617000,230.42086008638316,207.4609135271082,0,Hold
2025-12-31,237.3800048828125,241.8999938964844,235.2400054931641,241.4149932861328,4180400,231.08363578128117,208.6342112273319,0,Hold
2026-01-02,275.239990234375,275.79998779296875,244.0,244.3500061035156,11104300,235.289002872052,211.2462025609414,0,Hold
2026-01-05,274.0799865722656,285.0,266.3299865722656,284.2200012207031,9812600,238.98338227207233,213.71027252216982,0,Hold
2026-01-06,349.6300048828125,352.0,288.5,288.7449951171875,24249700,249.52115585404758,219.04045810494011,0,Hold
2026-01-07,353.5599975585937,354.9349975585937,331.2300109863281,340.8800048828125,14886100,259.42961696876625,224.31573416194615,0,Hold
2026-01-08,334.5400085449219,360.9750061035156,310.7799987792969,360.7300109863281,21404400,266.5829875950668,228.6382547259844,0,Hold
2026-01-09,377.4100036621094,384.0,334.5400085449219,341.6000061035156,19353200,277.13794150621374,234.47244095877363,0,Hold
2026-01-12,389.2699890136719,395.1600036621094,373.9700012207031,373.9700012207031,14603900,287.81718412597166,240.54293303935788,0,Hold
2026-01-13,389.80999755859375,398.0,379.4100036621094,393.2000122070313,10818600,297.530785405269,246.39654341266123,0,Hold
2026-01-14,387.80999755859375,401.2000122070313,377.0,390.0,10862500,306.1288056103475,251.9421690654429,0,Hold
2026-01-15,409.239990234375,423.3500061035156,398.614990234375,398.8299865722656,14146600,315.94891843168347,258.1107110720677,0,Hold
2026-01-16,413.6199951171875,432.0199890136719,399.7000122070313,425.5899963378906,15703000,325.2509257350648,264.2091143679548,0,Hold
2026-01-20,453.1199951171875,457.3699951171875,412.1650085449219,412.1650085449219,17872400,337.428932342886,271.617384201258,0,Hold
2026-01-21,501.2900085449219,501.9500122070313,448.5299987792969,463.0499877929688,21365000,353.03474912403226,280.6241537833625,0,Hold
2026-01-22,503.4400024414063,509.4989929199219,467.55999755859375,501.2900085449219,20607500,367.35905896378216,289.362030201325,0,Hold
2026-01-23,473.8299865722656,506.2999877929688,463.010009765625,503.4400024414063,21061100,377.49914730744723,296.59606770606774,0,Hold
2026-01-26,470.7999877929688,494.7000122070313,454.3299865722656,476.4849853515625,13435200,386.38494163940163,303.42759398398545,0,Hold
2026-01-27,481.4299926757813,503.0,471.1499938964844,481.0050048828125,14015600,395.43685126191394,310.4080802071931,0,Hold
2026-01-28,527.6300048828125,531.4630126953125,499.1499938964844,500.1000061035156,16486300,408.02667541628523,318.92658705721743,0,Hold
2026-01-29,539.2999877929688,546.75,507.239990234375,535.8499755859375,23010300,420.52889564263603,327.5686812037175,0,Hold
2026-01-30,576.25,676.6900024414062,533.0,651.22998046875,40932100,435.35947701000407,337.32088978396393,0,Hold
2026-02-02,665.239990234375,674.0,584.0999755859375,588.8099975585938,28765800,457.25285922184895,350.18046235064674,0,Hold
2026-02-03,695.510009765625,725.0,646.2000122070312,694.0599975585938,31213200,479.94401641649426,363.722797543391,0,Hold
2026-02-04,584.5499877929688,662.7899780273438,582.0,654.0,29007600,489.90648988092045,372.3826873570999,0,Hold
2026-02-05,576.2000122070312,619.4099731445312,562.0999755859375,563.75,27725500,498.1249205786453,380.37552362572467,0,Hold
2026-02-06,597.9500122070312,615.3599853515625,575.5,614.5,21327300,507.6320721623011,388.9078565112661,0,Hold
2026-02-09,583.4000244140625,603.97998046875,551.510009765625,592.1649780273438,15290700,514.8480676148498,396.5350003505915,0,Hold
2026-02-10,541.6400146484375,582.280029296875,540.1400146484375,573.8800048828125,15904000,517.3996816180486,402.22539306815406,0,Hold
2026-02-11,599.3400268554688,612.7999877929688,575.0,578.5,20472700,525.2035240216125,409.9553787068723,0,Hold
2026-02-12,630.2899780273438,668.0,615.6199951171875,640.5499877929688,23321100,535.211757736444,418.5959512292437,0,Hold
2026-02-13,626.5599975585938,661.5,586.3699951171875,610.5250244140625,23640400,543.9115901004583,426.75140402647315,0,Hold
2026-02-17,590.5900268554688,628.6500244140625,588.9450073242188,612.0,19143200,548.3571555056974,433.17644805898277,0,Hold
2026-02-18,600.4000244140625,616.97998046875,574.5,582.489990234375,25097600,553.313619211256,439.7342353670251,0,Hold
2026-02-19,621.0900268554688,634.47998046875,590.0999755859375,597.3300170898438,19601600,559.7685151773715,446.8462271901014,0,Hold
2026-02-20,649.969970703125,650.2899780273438,615.6500244140625,616.0,17001000,568.3591299893479,454.81186419061214,0,Hold
2026-02-23,666.489990234375,691.5399780273438,644.3800048828125,659.5900268554688,18569400,577.70492620316,463.1129671727205,0,Hold
2026-02-24,638.52001953125,684.0900268554688,612.9199829101562,682.5,30408300,583.4968398534543,469.99167510834917,0,Hold
2026-02-25,632.3800048828125,661.2000122070312,624.4299926757812,644.2999877929688,18561500,588.1523793800599,476.3598449034262,0,Hold
2026-02-26,651.9000244140625,659.8599853515625,607.0,645.739990234375,23672700,594.2235836690124,483.24377351168647,0,Hold
2026-02-27,635.3599853515625,661.2000122070312,621.27001953125,627.0800170898438,18208200,598.1413362102077,489.2091151524659,0,Hold
2026-03-02,619.0800170898438,648.7999877929688,597.5999755859375,618.64501953125,17519900,600.1354962939826,494.3020916990298,0,Hold
2026-03-03,565.4099731445312,593.1599731445312,557.0900268554688,581.6400146484375,20533500,596.8283036130824,497.09063606944164,0,Hold
2026-03-04,599.0599975585938,607.47998046875,576.2999877929688,586.8400268554688,15614300,597.0408458936073,501.08943455921235,0,Hold
2026-03-05,565.5900268554688,603.530029296875,559.0999755859375,594.385009765625,15433600,594.0455297947369,503.6188695512224,0,Hold
2026-03-06,527.3300170898438,570.9000244140625,526.6300048828125,548.25,16108900,587.69167144189,504.5487184743056,0,Hold
2026-03-09,588.72998046875,589.510009765625,517.0,517.0,21205500,587.7905580158767,507.84994443487204,0,Hold
2026-03-10,618.8900146484375,636.5800170898438,595.5599975585938,599.22998046875,18133200,590.7524110285016,512.2044569922667,0,Hold
2026-03-11,655.4299926757812,655.6799926757812,618.7999877929688,625.9500122070312,15815800,596.9121807091949,517.8211446661301,0,Hold
2026-03-12,618.8200073242188,651.989990234375,612.2100219726562,647.0,17284100,598.9986403868162,521.781884378212,0,Hold
2026-03-13,661.6199951171875,671.6699829101562,623.0599975585938,630.75,18806900,604.9625789325659,527.2657318581719,0,Hold
2026-03-16,703.6300048828125,720.0,687.4299926757812,687.52001953125,19406300,614.3594766421131,534.1819778591382,0,Hold
2026-03-17,720.1699829101562,721.3699951171875,695.1199951171875,716.0,14782100,624.4366677152601,541.4756251160409,0,Hold
2026-03-18,753.6900024414062,761.52001953125,715.5,730.0150146484375,20663100,636.7465091177503,549.7977575601728,0,Hold
2026-03-19,772.0900268554688,776.0,692.0,707.1500244140625,21266400,649.636367949914,558.515101454106,0,Hold
2026-03-20,709.7100219726562,777.5999755859375,698.3499755859375,772.7000122070312,23508600,655.3576683330323,564.444314023461,0,Hold
2026-03-23,702.489990234375,748.780029296875,678.8400268554688,716.0,22925100,659.846460895065,569.8578699533008,0,Hold
2026-03-24,702.47998046875,711.2999877929688,680.1900024414062,693.6900024414062,14536300,663.9067960925588,575.0587370323381,0,Hold
2026-03-25,677.8599853515625,687.219970703125,638.0,651.0,20618700,665.235671260083,579.0901585350528,0,Hold
2026-03-26,603.1699829101562,659.6599731445312,602.030029296875,654.0,19023800,659.3246533219947,580.0344653732922,0,Hold
2026-03-27,615.8300170898438,638.52001953125,599.3699951171875,599.75,16684200,655.1823070141708,581.4382124994314,0,Hold
2026-03-30,572.5,651.0,558.5830078125,642.1199951171875,20501200,647.3078015842498,581.0876943621988,0,Hold
2026-03-31,635.3400268554688,636.3200073242188,578.4199829101562,588.010009765625,20685000,646.1680135148421,583.2152368129152,0,Hold
2026-04-01,692.72998046875,710.8499755859375,645.0999755859375,652.2899780273438,22322700,650.6024865580714,587.5099326425559,0,Hold
2026-04-02,701.5900268554688,707.3099975585938,641.0,642.0900268554688,17443900,655.4584427768712,591.9836618273761,0,Hold
2026-04-06,724.6300048828125,736.0,711.0,720.3400268554688,12773700,662.0462105964846,597.185479202099,0,Hold
2026-04-07,710.7999877929688,738.0059814453125,687.6790161132812,715.7000122070312,14406500,666.6894274723402,601.6409501272312,0,Hold
2026-04-08,780.9000244140625,807.9879760742188,758.1900024414062,784.0,16898900,677.5666271810757,608.6707177463227,0,Hold
2026-04-09,851.5700073242188,855.0,805.0,817.0800170898438,17233600,694.1383776708989,618.1961800827107,0,Hold
2026-04-10,851.77001953125,873.9500122070312,835.2750244140625,873.9500122070312,13343800,709.1509149909324,627.3559384924574,0,Hold
2026-04-13,952.5,953.4099731445312,866.9500122070312,867.0850219726562,20234400,732.3270183251293,640.1066860025571,0,Hold
2026-04-14,944.4600219726562,965.0,902.0,964.02001953125,19821500,752.5301615296557,652.042110942561,0,Hold
2026-04-15,891.719970703125,937.989990234375,873.9299926757812,929.864990234375,16269600,765.7863338318908,661.4412426978772,0,Hold
2026-04-16,919.469970703125,929.5,892.510009765625,896.6199951171875,13851900,780.4228706767703,671.5600163451419,0,Hold
2026-04-17,920.989990234375,930.5,886.0,920.8400268554688,25655700,793.8102153965423,681.3415839486412,0,Hold
2026-04-20,913.02001953125,951.469970703125,900.3699951171875,930.969970703125,11303500,805.1635300760383,690.4270127950181,0,Hold
2026-04-21,903.489990234375,938.780029296875,899.2000122070312,927.8499755859376,10245900,814.5279548530227,698.782423674993,0,Hold
2026-04-22,979.0700073242188,981.0609741210938,895.739990234375,922.010009765625,15497400,830.1986265169461,709.7740936220214,0,Hold
2026-04-23,932.4299926757812,978.8800048828124,926.1099853515624,948.5449829101562,12272600,839.9349471035018,718.5056975064825,0,Hold
2026-04-24,989.9000244140624,1002.0900268554688,947.0,954.5599975585938,11603800,854.2173354187933,729.148612287172,0,Hold
2026-04-27,1070.199951171875,1070.6600341796875,1008.8800048828124,1019.64501953125,13005000,874.7871083476582,742.5231745963761,0,Hold
2026-04-28,1002.3499755859376,1054.219970703125,980.280029296875,1027.5999755859375,14119000,886.9359528465419,752.7124609096923,0,Hold
2026-04-29,1064.2099609375,1103.0,1060.0,1070.5999755859375,11130900,903.8191917123474,764.9280491460769,0,Hold
